[21:30:11] [main/INFO] ========================================
[21:30:11] [main/INFO] Minecraft: 1.21.1
[21:30:11] [main/INFO] Side: server
[21:30:11] [main/INFO] Development: false
[21:30:11] [main/INFO] Version: 16.0.799
[21:30:11] [main/INFO] Loader:
[21:30:11] [main/INFO] - Fabric: 0.18.4
[21:30:11] [main/INFO] - Fabric API: 0.116.9+1.21.1
[21:30:11] [main/INFO] Dependencies:
[21:30:11] [main/INFO] - Cloth Config: 15.0.140
[21:30:11] [main/INFO] - Architectury: 13.0.8
[21:30:11] [main/INFO] Mixin: 0.8.7
[21:30:11] [main/INFO] OS: Linux 7.0.5-2-cachyos (amd64)
[21:30:11] [main/INFO] Java: 21.0.11 (Arch Linux)
[21:30:11] [main/INFO] ========================================
[21:30:11] [main/INFO] Mods:
[21:30:11] [main/INFO] - accessories: 1.1.0-beta.53+1.21.1
[21:30:11] [main/INFO] - accessories_compat_layer: 0.1.12
[21:30:11] [main/INFO] - advancementdisable: 1.0.0
[21:30:11] [main/INFO] - architectury: 13.0.8
[21:30:11] [main/INFO] - athena: 4.0.2
[21:30:11] [main/INFO] - balm: 21.0.56
[21:30:11] [main/INFO] - beautify: 2.0.0+1.21.1
[21:30:11] [main/INFO] - biome_replacer: 2.1-hippo
[21:30:11] [main/INFO] - blue_endless_jankson: 1.2.3
[21:30:11] [main/INFO] - capture_xp: 1.7.3-fabric-1.3.0
[21:30:11] [main/INFO] - cardinal-components-base: 6.1.2
[21:30:11] [main/INFO] - cardinal-components-block: 6.1.0
[21:30:11] [main/INFO] - cardinal-components-entity: 6.1.2
[21:30:11] [main/INFO] - carryon: 2.2.2
[21:30:11] [main/INFO] - carved_wood: 1.8.2
[21:30:11] [main/INFO] - claimblocks: 1.0.0
[21:30:11] [main/INFO] - cloth-basic-math: 0.6.1
[21:30:11] [main/INFO] - cloth-config: 15.0.140
[21:30:11] [main/INFO] - cloth-config: 15.0.140
[21:30:11] [main/INFO] - cobblecuisine: 2.0.1
[21:30:11] [main/INFO] - cobbledgacha: 3.0.2
[21:30:11] [main/INFO] - cobbledollars: 2.0.0+Beta-5.1+1.21.1
[21:30:11] [main/INFO] - cobblefurnies: 1.0
[21:30:11] [main/INFO] - cobblemon: 1.7.3+1.21.1
[21:30:11] [main/INFO] - cobblemon-additions: 4.1.6
[21:30:11] [main/INFO] - cobblemon-battle-extras: 1.8.30
[21:30:11] [main/INFO] - cobblemon_extra_balls: 1.3.1
[21:30:11] [main/INFO] - cobblemonbattlepositions: 1.1.2
[21:30:11] [main/INFO] - cobblemonraiddens: 0.7.6+1.21.1
[21:30:11] [main/INFO] - cobblenav: 2.2.5
[21:30:11] [main/INFO] - cobbleversebadges: 1.3
[21:30:11] [main/INFO] - cobbreeding: 2.2.0
[21:30:11] [main/INFO] - com_electronwill_night-config_core: 3.8.0
[21:30:11] [main/INFO] - com_electronwill_night-config_toml: 3.8.0
[21:30:11] [main/INFO] - com_github_keksuccino_japng: 0.5.3
[21:30:11] [main/INFO] - com_github_rtyley_animated-gif-lib-for-java: animated-gif-lib-1.7
[21:30:11] [main/INFO] - com_google_code_findbugs_jsr305: 3.0.2
[21:30:11] [main/INFO] - com_teamresourceful_bytecodecs: 1.1.2
[21:30:11] [main/INFO] - com_teamresourceful_yabn: 1.0.3
[21:30:11] [main/INFO] - com_twelvemonkeys_common_common-image: 3.12.0
[21:30:11] [main/INFO] - com_twelvemonkeys_common_common-io: 3.12.0
[21:30:11] [main/INFO] - com_twelvemonkeys_common_common-lang: 3.12.0
[21:30:11] [main/INFO] - com_twelvemonkeys_imageio_imageio-core: 3.12.0
[21:30:11] [main/INFO] - com_twelvemonkeys_imageio_imageio-metadata: 3.12.0
[21:30:11] [main/INFO] - com_twelvemonkeys_imageio_imageio-webp: 3.12.0
[21:30:11] [main/INFO] - com_velocitypowered_velocity-native: 3.3.0-SNAPSHOT
[21:30:11] [main/INFO] - comforts: 9.0.5+1.21.1
[21:30:11] [main/INFO] - commons-io_commons-io: 2.15.1
[21:30:11] [main/INFO] - cozyhome: 1.1.20
[21:30:11] [main/INFO] - debugify: 1.21.1+1.0
[21:30:11] [main/INFO] - defaultoptions: 21.1.5
[21:30:11] [main/INFO] - entityculling: 1.9.5
[21:30:11] [main/INFO] - error_notifier: 1.0.11
[21:30:11] [main/INFO] - fabric-api: 0.116.9+1.21.1
[21:30:11] [main/INFO] - fabric-api: 0.116.9+1.21.1
[21:30:11] [main/INFO] - fabric-api-base: 0.4.42+6573ed8c19
[21:30:11] [main/INFO] - fabric-api-lookup-api-v1: 1.6.72+7b3d111d19
[21:30:11] [main/INFO] - fabric-biome-api-v1: 13.0.31+d527f9fd19
[21:30:11] [main/INFO] - fabric-block-api-v1: 1.1.0+0bc3503219
[21:30:11] [main/INFO] - fabric-block-view-api-v2: 1.0.11+ebb2264e19
[21:30:11] [main/INFO] - fabric-command-api-v1: 1.2.49+f71b366f19
[21:30:11] [main/INFO] - fabric-command-api-v2: 2.2.28+6ced4dd919
[21:30:11] [main/INFO] - fabric-commands-v0: 0.2.66+df3654b319
[21:30:11] [main/INFO] - fabric-content-registries-v0: 8.0.19+b559734419
[21:30:11] [main/INFO] - fabric-convention-tags-v1: 2.1.6+7f945d5b19
[21:30:11] [main/INFO] - fabric-convention-tags-v2: 2.11.2+fa89716719
[21:30:11] [main/INFO] - fabric-crash-report-info-v1: 0.2.29+0af3f5a719
[21:30:11] [main/INFO] - fabric-data-attachment-api-v1: 1.4.6+5b36e0f719
[21:30:11] [main/INFO] - fabric-data-generation-api-v1: 20.2.35+37516cd619
[21:30:11] [main/INFO] - fabric-dimensions-v1: 4.0.1+65213ef819
[21:30:11] [main/INFO] - fabric-entity-events-v1: 1.8.0+2b27e0a419
[21:30:11] [main/INFO] - fabric-events-interaction-v0: 0.7.13+ba9dae0619
[21:30:11] [main/INFO] - fabric-game-rule-api-v1: 1.0.53+6ced4dd919
[21:30:11] [main/INFO] - fabric-item-api-v1: 11.2.0+3b3cb2e819
[21:30:11] [main/INFO] - fabric-item-group-api-v1: 4.1.7+def88e3a19
[21:30:11] [main/INFO] - fabric-language-kotlin: 1.13.9+kotlin.2.3.10
[21:30:11] [main/INFO] - fabric-lifecycle-events-v1: 2.6.0+0865547519
[21:30:11] [main/INFO] - fabric-loot-api-v2: 3.0.15+3f89f5a519
[21:30:11] [main/INFO] - fabric-loot-api-v3: 1.0.3+3f89f5a519
[21:30:11] [main/INFO] - fabric-message-api-v1: 6.0.14+8aaf3aca19
[21:30:11] [main/INFO] - fabric-networking-api-v1: 4.3.0+c7469b2119
[21:30:11] [main/INFO] - fabric-object-builder-api-v1: 15.2.1+40875a9319
[21:30:11] [main/INFO] - fabric-particles-v1: 4.0.2+6573ed8c19
[21:30:11] [main/INFO] - fabric-permissions-api-v0: 0.3.1
[21:30:11] [main/INFO] - fabric-recipe-api-v1: 5.0.15+2475392c19
[21:30:11] [main/INFO] - fabric-registry-sync-v0: 5.3.1+e3eddc2119
[21:30:11] [main/INFO] - fabric-rendering-data-attachment-v1: 0.3.49+73761d2e19
[21:30:11] [main/INFO] - fabric-rendering-fluids-v1: 3.1.6+1daea21519
[21:30:11] [main/INFO] - fabric-resource-conditions-api-v1: 4.3.0+8dc279b119
[21:30:11] [main/INFO] - fabric-resource-loader-v0: 1.3.1+5b5275af19
[21:30:11] [main/INFO] - fabric-screen-handler-api-v1: 1.3.90+b559734419
[21:30:11] [main/INFO] - fabric-transfer-api-v1: 5.4.4+7b3d111d19
[21:30:11] [main/INFO] - fabric-transitive-access-wideners-v1: 6.2.0+45b9699719
[21:30:11] [main/INFO] - fabricloader: 0.18.4
[21:30:11] [main/INFO] - fancymenu: 3.8.1
[21:30:11] [main/INFO] - ferritecore: 7.0.3
[21:30:11] [main/INFO] - fiber: 0.23.0-2
[21:30:11] [main/INFO] - fightorflight: 0.10.7
[21:30:11] [main/INFO] - forgeconfigapiport: 21.1.6
[21:30:11] [main/INFO] - forgivingvoid: 21.1.6
[21:30:11] [main/INFO] - fusion: 1.2.12
[21:30:11] [main/INFO] - galena_hats: 1.21.1-1.2.5
[21:30:11] [main/INFO] - geckolib: 4.8.3
[21:30:11] [main/INFO] - globalpacks: 21.0.6
[21:30:11] [main/INFO] - gooeylibs: 3.1.1
[21:30:11] [main/INFO] - gooeylibs-api: 3.1.1
[21:30:11] [main/INFO] - gravestones: 1.2.10
[21:30:11] [main/INFO] - handcrafted: 4.0.3
[21:30:11] [main/INFO] - highlight: 3.0.0
[21:30:11] [main/INFO] - hugestructureblocks: 1.1.6
[21:30:11] [main/INFO] - iceberg: 1.3.2
[21:30:11] [main/INFO] - indestructible_blocks: 1.0.4
[21:30:11] [main/INFO] - indexer: 1.0.7.1
[21:30:11] [main/INFO] - interactic: 0.2.3+1.21
[21:30:11] [main/INFO] - io_gitlab_jfronny_muscript-all: 2.0.0-SNAPSHOT
[21:30:11] [main/INFO] - io_gitlab_jfronny_muscript-json: 2.0.0-SNAPSHOT
[21:30:11] [main/INFO] - io_wispforest_endec: 0.1.5.1
[21:30:11] [main/INFO] - io_wispforest_endec_gson: 0.1.3.1
[21:30:11] [main/INFO] - io_wispforest_endec_jankson: 0.1.3.1
[21:30:11] [main/INFO] - io_wispforest_endec_netty: 0.1.2
[21:30:11] [main/INFO] - jackfredlib-base: 1.4.0+1.21
[21:30:11] [main/INFO] - jackfredlib-colour: 1.1.0+1.21
[21:30:11] [main/INFO] - jackfredlib-config: 0.2.3+1.21
[21:30:11] [main/INFO] - jackfredlib-lying: 0.5.5+1.21
[21:30:11] [main/INFO] - java: 21
[21:30:11] [main/INFO] - journeymount: 1.7.1
[21:30:11] [main/INFO] - k_turrets: 4.0.14
[21:30:11] [main/INFO] - konkrete: 1.9.9
[21:30:11] [main/INFO] - krypton: 0.2.8
[21:30:11] [main/INFO] - kuma_api: 21.0.7
[21:30:11] [main/INFO] - lavender: 0.1.15+1.21
[21:30:11] [main/INFO] - lavender-md: 0.1.2+1.21
[21:30:11] [main/INFO] - lavender-md-owo-ui: 0.1.2+1.21
[21:30:11] [main/INFO] - legendarymonuments: Cobbleverse
[21:30:11] [main/INFO] - lenientdeath: 1.2.5+1.21.1
[21:30:11] [main/INFO] - libjf: 3.17.3
[21:30:11] [main/INFO] - libjf-base: 3.17.3
[21:30:11] [main/INFO] - libjf-config-commands: 3.17.3
[21:30:11] [main/INFO] - libjf-config-core-v2: 3.17.3
[21:30:11] [main/INFO] - libjf-config-network-v0: 3.17.3
[21:30:11] [main/INFO] - libjf-data-manipulation-v0: 3.17.3
[21:30:11] [main/INFO] - libjf-data-v0: 3.17.3
[21:30:11] [main/INFO] - libjf-mainhttp-v0: 3.17.3
[21:30:11] [main/INFO] - libjf-resource-pack-entry-widgets-v0: 3.17.3
[21:30:11] [main/INFO] - libjf-translate-v1: 3.17.3
[21:30:11] [main/INFO] - libjf-unsafe-v0: 3.17.3
[21:30:11] [main/INFO] - libjf-web-v1: 3.17.3
[21:30:11] [main/INFO] - lithium: 0.15.2+mc1.21.1
[21:30:11] [main/INFO] - lockandblock: 0.10.1+1.21.1
[21:30:11] [main/INFO] - lumymon: 0.6.2
[21:30:11] [main/INFO] - mega_showdown: 1.6.12+1.7.3+1.21.1
[21:30:11] [main/INFO] - melody: 1.0.10
[21:30:11] [main/INFO] - midnightlib: 1.7.5
[21:30:11] [main/INFO] - minecraft: 1.21.1
[21:30:11] [main/INFO] - mixinextras: 0.5.0
[21:30:11] [main/INFO] - mixinsquared: 0.3.4
[21:30:11] [main/INFO] - moarconcrete: 1.3.1
[21:30:11] [main/INFO] - modernfix: 5.25.1+mc1.21.1
[21:30:11] [main/INFO] - more_cobblemon_tweaks: 1.3.3
[21:30:11] [main/INFO] - mr_cobblemon_journeymounts: 1.7.2
[21:30:11] [main/INFO] - multikulti_core: 1.21.1-1.2.3
[21:30:11] [main/INFO] - multikulti_registrate: 1.21.1-1.2.3
[21:30:11] [main/INFO] - net_fabricmc_mapping-io: 0.6.1
[21:30:11] [main/INFO] - nethermap: 4.0.0-1.21.1
[21:30:11] [main/INFO] - netherportalfix: 21.1.3
[21:30:11] [main/INFO] - nirvana: 2.0.10
[21:30:11] [main/INFO] - notenoughanimations: 1.11.3
[21:30:11] [main/INFO] - notenoughcrashes: 4.4.9+1.21.1
[21:30:11] [main/INFO] - obc: 1.3.0
[21:30:11] [main/INFO] - org_jetbrains_kotlin_kotlin-reflect: 2.3.10
[21:30:11] [main/INFO] - org_jetbrains_kotlin_kotlin-stdlib: 2.3.10
[21:30:11] [main/INFO] - org_jetbrains_kotlin_kotlin-stdlib-jdk7: 2.3.10
[21:30:11] [main/INFO] - org_jetbrains_kotlin_kotlin-stdlib-jdk8: 2.3.10
[21:30:11] [main/INFO] - org_jetbrains_kotlinx_atomicfu-jvm: 0.31.0
[21:30:11] [main/INFO] - org_jetbrains_kotlinx_kotlinx-coroutines-core-jvm: 1.10.2
[21:30:11] [main/INFO] - org_jetbrains_kotlinx_kotlinx-coroutines-jdk8: 1.10.2
[21:30:11] [main/INFO] - org_jetbrains_kotlinx_kotlinx-datetime-jvm: 0.7.1
[21:30:11] [main/INFO] - org_jetbrains_kotlinx_kotlinx-io-bytestring-jvm: 0.8.2
[21:30:11] [main/INFO] - org_jetbrains_kotlinx_kotlinx-io-core-jvm: 0.8.2
[21:30:11] [main/INFO] - org_jetbrains_kotlinx_kotlinx-serialization-cbor-jvm: 1.10.0
[21:30:11] [main/INFO] - org_jetbrains_kotlinx_kotlinx-serialization-core-jvm: 1.10.0
[21:30:11] [main/INFO] - org_jetbrains_kotlinx_kotlinx-serialization-json-jvm: 1.10.0
[21:30:11] [main/INFO] - org_mariadb_jdbc_mariadb-java-client: 3.3.2
[21:30:11] [main/INFO] - org_mongodb_bson: 4.11.1
[21:30:11] [main/INFO] - org_mongodb_mongodb-driver-core: 4.11.1
[21:30:11] [main/INFO] - org_mongodb_mongodb-driver-sync: 4.11.1
[21:30:11] [main/INFO] - org_quiltmc_parsers_gson: 0.2.1
[21:30:11] [main/INFO] - org_quiltmc_parsers_json: 0.2.1
[21:30:11] [main/INFO] - owo: 0.12.15.4+1.21
[21:30:11] [main/INFO] - packet_tweaker: 0.5.1+24w03b
[21:30:11] [main/INFO] - packetfixer: 3.3.1
[21:30:11] [main/INFO] - pasture-loot: 1.0.5+1.21.1
[21:30:11] [main/INFO] - pingwheel: 1.12.1
[21:30:11] [main/INFO] - platform: 1.2.11.5
[21:30:11] [main/INFO] - playershop: 1.1.1
[21:30:11] [main/INFO] - playerxp: 1.0.6+1.21.1
[21:30:11] [main/INFO] - pneumonocore: 1.2.1
[21:30:11] [main/INFO] - pokeblocks: 1.4.0-1.21.1
[21:30:11] [main/INFO] - porting_lib_common: 3.1.0-1+1.21.1
[21:30:11] [main/INFO] - porting_lib_conditions: 3.1.0-beta.47+1.21.1
[21:30:11] [main/INFO] - porting_lib_core: 3.1.0-beta.47+1.21.1
[21:30:11] [main/INFO] - porting_lib_data: 3.1.0-1+1.21.1
[21:30:11] [main/INFO] - porting_lib_fluids: 3.1.0-beta.47+1.21.1
[21:30:11] [main/INFO] - porting_lib_gametest: 3.1.0-1+1.21.1
[21:30:11] [main/INFO] - porting_lib_item_abilities: 3.1.0-beta.47+1.21.1
[21:30:11] [main/INFO] - porting_lib_lazy_registration: 3.1.0-beta.47+1.21.1
[21:30:11] [main/INFO] - porting_lib_level_events: 3.1.0-beta.47+1.21.1
[21:30:11] [main/INFO] - porting_lib_loot: 3.1.0-beta.47+1.21.1
[21:30:11] [main/INFO] - porting_lib_model_loader: 3.1.0-beta.47+1.21.1
[21:30:11] [main/INFO] - porting_lib_models: 3.1.0-1+1.21.1
[21:30:11] [main/INFO] - porting_lib_registry: 3.1.0-1+1.21.1
[21:30:11] [main/INFO] - porting_lib_render_types: 3.1.0-beta.47+1.21.1
[21:30:11] [main/INFO] - porting_lib_tags: 3.0
[21:30:11] [main/INFO] - porting_lib_transfer: 3.1.0-beta.47+1.21.1
[21:30:11] [main/INFO] - rctapi: 0.14.8-beta
[21:30:11] [main/INFO] - rctmod: 0.17.6-beta
[21:30:11] [main/INFO] - rechiseled: 1.2.3
[21:30:11] [main/INFO] - registrate-fabric: 1.3.5-MC1.21.1
[21:30:11] [main/INFO] - repurposed_structures: 7.5.18+1.21.1-fabric
[21:30:11] [main/INFO] - resourcefullib: 3.0.12
[21:30:11] [main/INFO] - respackopts: 4.11.3
[21:30:11] [main/INFO] - roughlyenoughitems: 16.0.799
[21:30:11] [main/INFO] - safepastures: 1.1.1+1.21.1
[21:30:11] [main/INFO] - satako: 8.0.169
[21:30:11] [main/INFO] - server_translations_api: 2.3.1+1.21-pre2
[21:30:11] [main/INFO] - sgui: 1.6.1+1.21.1
[21:30:11] [main/INFO] - sophisticatedbackpacks: 1.21.1-3.23.4.3.106
[21:30:11] [main/INFO] - sophisticatedcore: 1.21.1-1.2.9.21.168
[21:30:11] [main/INFO] - sophisticatedstorage: 1.21.1-1.3.7.9.139
[21:30:11] [main/INFO] - sound_physics_remastered: 1.21.1-1.5.1
[21:30:11] [main/INFO] - spectrelib: 0.17.2+1.21
[21:30:11] [main/INFO] - stackdeobfuscator: 1.4.3+08e71cc
[21:30:11] [main/INFO] - stackdeobfuscator-common: 1.4.3+08e71cc
[21:30:11] [main/INFO] - supermartijn642configlib: 1.1.8
[21:30:11] [main/INFO] - supermartijn642corelib: 1.1.20
[21:30:11] [main/INFO] - team_reborn_energy: 4.1.0
[21:30:11] [main/INFO] - terralith: 2.5.8
[21:30:11] [main/INFO] - tim_core: 1.7.3-fabric-1.31.0
[21:30:11] [main/INFO] - tmcraft: 1.4.18+1.7.3
[21:30:11] [main/INFO] - toms_storage: 2.3.0
[21:30:11] [main/INFO] - transition: 1.0.12
[21:30:11] [main/INFO] - trashslot: 21.1.6
[21:30:11] [main/INFO] - trender: 1.0.10
[21:30:11] [main/INFO] - trinkets: 3.10.0
[21:30:11] [main/INFO] - vanillabackport: 1.1.5.4.2
[21:30:11] [main/INFO] - villagerconfig: 4.5.2
[21:30:11] [main/INFO] - waystones: 21.1.28
[21:30:11] [main/INFO] - xaerolib: 1.1.0
[21:30:11] [main/INFO] - xaerominimap: 25.3.10
[21:30:11] [main/INFO] - xaeroworldmap: 1.40.11
[21:30:11] [main/INFO] - yet_another_config_lib_v3: 3.8.1+1.21.1-fabric
[21:30:11] [main/INFO] - zamega: 1.5.4
[21:30:11] [main/INFO] ========================================
[21:30:11] [main/INFO] [REI] Registered plugin provider DefaultPlugin [roughlyenoughitems] for REIPlugin
[21:30:11] [main/INFO] [REI] Registered plugin provider DefaultRuntimePlugin [roughlyenoughitems] for REIPlugin
[21:30:11] [main/INFO] [REI] Registered plugin provider REIServerCompat [sophisticatedbackpacks] for REIPlugin
[21:30:11] [main/INFO] [REI] Registered plugin provider REIServerCompat [sophisticatedcore] for REIPlugin
[21:30:11] [main/INFO] [REI] Registered plugin provider REIServerCompat [sophisticatedstorage] for REIPlugin
[21:30:11] [main/INFO] [REI] Registered plugin provider DefaultPlugin [roughlyenoughitems] for REIServerPlugin
[21:30:11] [main/INFO] [REI] Registered plugin provider DefaultRuntimePlugin [roughlyenoughitems] for REIServerPlugin
[21:30:11] [main/INFO] [REI] Registered plugin provider REIServerCompat [sophisticatedbackpacks] for REIServerPlugin
[21:30:11] [main/INFO] [REI] Registered plugin provider REIServerCompat [sophisticatedcore] for REIServerPlugin
[21:30:11] [main/INFO] [REI] Registered plugin provider REIServerCompat [sophisticatedstorage] for REIServerPlugin
[21:30:11] [main/INFO] [REI] Registered plugin provider FabricFluidAPISupportPlugin for REIServerPlugin
[21:30:11] [main/INFO] [REI] Registered plugin provider FabricFluidAPISupportPlugin for REIPlugin
[21:30:14] [Worker-Main-9/DEBUG] [REI] Processed 0 tags in 28.73 μs for minecraft:banner_pattern
[21:30:14] [Worker-Main-10/DEBUG] [REI] Processed 2 tags in 642.7 μs for minecraft:cat_variant
[21:30:14] [Worker-Main-10/DEBUG] [REI] Processed 3 tags in 19.79 μs for minecraft:instrument
[21:30:14] [Worker-Main-9/DEBUG] [REI] Processed 0 tags in 7.650 μs for minecraft:painting_variant
[21:30:14] [Worker-Main-4/DEBUG] [REI] Processed 1 tags in 15.95 μs for minecraft:activity
[21:30:14] [Worker-Main-9/DEBUG] [REI] Processed 0 tags in 18.09 μs for minecraft:worldgen/structure_set
[21:30:14] [Worker-Main-11/DEBUG] [REI] Processed 1 tags in 22.14 μs for minecraft:mob_effect
[21:30:14] [Worker-Main-1/DEBUG] [REI] Processed 0 tags in 288.1 μs for minecraft:worldgen/biome
[21:30:14] [Worker-Main-3/DEBUG] [REI] Processed 909 tags in 11.22 ms for minecraft:item
[21:30:14] [Worker-Main-5/DEBUG] [REI] Processed 0 tags in 8.440 μs for minecraft:worldgen/flat_level_generator_preset
[21:30:15] [Worker-Main-11/DEBUG] [REI] Processed 48 tags in 139.7 μs for minecraft:entity_type
[21:30:15] [Worker-Main-4/DEBUG] [REI] Processed 0 tags in 12.50 μs for minecraft:enchantment
[21:30:15] [Worker-Main-9/DEBUG] [REI] Processed 638 tags in 9.422 ms for minecraft:block
[21:30:15] [Worker-Main-5/DEBUG] [REI] Processed 2 tags in 10.46 μs for minecraft:memory_module_type
[21:30:15] [Worker-Main-4/DEBUG] [REI] Processed 0 tags in 11.12 μs for minecraft:worldgen/world_preset
[21:30:15] [Worker-Main-4/DEBUG] [REI] Processed 0 tags in 44.12 μs for minecraft:worldgen/structure
[21:30:15] [Worker-Main-10/DEBUG] [REI] Processed 5 tags in 86.59 μs for minecraft:game_event
[21:30:15] [Worker-Main-8/DEBUG] [REI] Processed 3 tags in 40.38 μs for minecraft:point_of_interest_type
[21:30:15] [Worker-Main-6/DEBUG] [REI] Processed 6 tags in 6.980 μs for minecraft:fluid
[21:30:15] [Worker-Main-9/DEBUG] [REI] Processed 0 tags in 7.850 μs for minecraft:damage_type
[21:30:21] [main/DEBUG] [REI] Starting Reload Plugins of stage null
java.lang.Throwable
	at knot//me.shedaniel.rei.impl.common.plugins.ReloadManagerImpl.reloadPlugins(ReloadManagerImpl.java:110)
	at knot//me.shedaniel.rei.RoughlyEnoughItemsCore.lambda$onInitialize$5(RoughlyEnoughItemsCore.java:163)
	at java.base/java.util.concurrent.CompletableFuture$UniRun.tryFire(CompletableFuture.java:787)
	at java.base/java.util.concurrent.CompletableFuture$Completion.run(CompletableFuture.java:482)
	at knot//net.minecraft.class_4014.method_18365(class_4014.java:69)
	at knot//net.minecraft.class_156.method_43498(class_156.java:1024)
	at knot//net.minecraft.class_156.method_43499(class_156.java:1012)
	at knot//net.minecraft.server.Main.main(Main.java:182)
	at net.fabricmc.loader.impl.game.minecraft.MinecraftGameProvider.launch(MinecraftGameProvider.java:514)
	at net.fabricmc.loader.impl.launch.knot.Knot.launch(Knot.java:72)
	at net.fabricmc.loader.impl.launch.knot.KnotServer.main(KnotServer.java:23)
	at net.fabricmc.loader.impl.launch.server.FabricServerLauncher.main(FabricServerLauncher.java:69)
	at net.fabricmc.installer.ServerLauncher.main(ServerLauncher.java:69)
[21:30:21] [main/DEBUG] [REI] ========================================
[21:30:21] [main/DEBUG] [REI] REIPlugin starting pre-reload for START.
[21:30:21] [main/DEBUG] [REI] Reloadables (7):
[21:30:21] [main/DEBUG] [REI]  - EntryTypeRegistryImpl
[21:30:21] [main/DEBUG] [REI]  - EntrySettingsAdapterRegistryImpl
[21:30:21] [main/DEBUG] [REI]  - RecipeManagerContextImpl
[21:30:21] [main/DEBUG] [REI]  - ItemComparatorRegistryImpl
[21:30:21] [main/DEBUG] [REI]  - FluidComparatorRegistryImpl
[21:30:21] [main/DEBUG] [REI]  - DisplaySerializerRegistryImpl
[21:30:21] [main/DEBUG] [REI]  - FluidSupportProviderImpl
[21:30:21] [main/DEBUG] [REI] Plugins (6):
[21:30:21] [main/DEBUG] [REI]  - (-100.00) DefaultPlugin of DefaultPlugin [roughlyenoughitems]
[21:30:21] [main/DEBUG] [REI]  - (0.00) FabricFluidAPISupportPlugin
[21:30:21] [main/DEBUG] [REI]  - (0.00) REIServerCompat of REIServerCompat [sophisticatedstorage]
[21:30:21] [main/DEBUG] [REI]  - (0.00) REIServerCompat of REIServerCompat [sophisticatedcore]
[21:30:21] [main/DEBUG] [REI]  - (0.00) REIServerCompat of REIServerCompat [sophisticatedbackpacks]
[21:30:21] [main/DEBUG] [REI]  - (0.00) DefaultRuntimePlugin of DefaultRuntimePlugin [roughlyenoughitems]
[21:30:21] [main/DEBUG] [REI] ========================================
[21:30:21] [main/TRACE] [REI] [REIPlugin START] Reloading Section: "pre-register/"
[21:30:21] [main/TRACE] [REI] [REIPlugin START] Reloading Section: "pre-register/DefaultPlugin of DefaultPlugin [roughlyenoughitems]/"
[21:30:21] [main/TRACE] [REI] [REIPlugin START] Reloading Section: "pre-register/DefaultPlugin of DefaultPlugin [roughlyenoughitems]/" done in 552.8 μs
[21:30:21] [main/TRACE] [REI] [REIPlugin START] Reloading Section: "pre-register/FabricFluidAPISupportPlugin/"
[21:30:21] [main/TRACE] [REI] [REIPlugin START] Reloading Section: "pre-register/FabricFluidAPISupportPlugin/" done in 34.39 μs
[21:30:21] [main/TRACE] [REI] [REIPlugin START] Reloading Section: "pre-register/REIServerCompat of REIServerCompat [sophisticatedstorage]/"
[21:30:21] [main/TRACE] [REI] [REIPlugin START] Reloading Section: "pre-register/REIServerCompat of REIServerCompat [sophisticatedstorage]/" done in 21.95 μs
[21:30:21] [main/TRACE] [REI] [REIPlugin START] Reloading Section: "pre-register/REIServerCompat of REIServerCompat [sophisticatedcore]/"
[21:30:21] [main/TRACE] [REI] [REIPlugin START] Reloading Section: "pre-register/REIServerCompat of REIServerCompat [sophisticatedcore]/" done in 19.74 μs
[21:30:21] [main/TRACE] [REI] [REIPlugin START] Reloading Section: "pre-register/REIServerCompat of REIServerCompat [sophisticatedbackpacks]/"
[21:30:21] [main/TRACE] [REI] [REIPlugin START] Reloading Section: "pre-register/REIServerCompat of REIServerCompat [sophisticatedbackpacks]/" done in 18.64 μs
[21:30:21] [main/TRACE] [REI] [REIPlugin START] Reloading Section: "pre-register/DefaultRuntimePlugin of DefaultRuntimePlugin [roughlyenoughitems]/"
[21:30:21] [main/TRACE] [REI] [REIPlugin START] Reloading Section: "pre-register/DefaultRuntimePlugin of DefaultRuntimePlugin [roughlyenoughitems]/" done in 17.32 μs
[21:30:21] [main/TRACE] [REI] [REIPlugin START] Reloading Section: "pre-register/" done in 7.641 ms
[21:30:21] [main/TRACE] [REI] [REIPlugin START] Reloading Section: "pre-stage/"
[21:30:21] [main/TRACE] [REI] [REIPlugin START] Reloading Section: "pre-stage/EntryTypeRegistryImpl/"
[21:30:21] [main/TRACE] [REI] [REIPlugin START] Reloading Section: "pre-stage/EntryTypeRegistryImpl/" done in 101.3 μs
[21:30:21] [main/TRACE] [REI] [REIPlugin START] Reloading Section: "pre-stage/EntrySettingsAdapterRegistryImpl/"
[21:30:21] [main/TRACE] [REI] [REIPlugin START] Reloading Section: "pre-stage/EntrySettingsAdapterRegistryImpl/" done in 19.81 μs
[21:30:21] [main/TRACE] [REI] [REIPlugin START] Reloading Section: "pre-stage/RecipeManagerContextImpl/"
[21:30:21] [main/TRACE] [REI] [REIPlugin START] Reloading Section: "pre-stage/RecipeManagerContextImpl/" done in 17.44 μs
[21:30:21] [main/TRACE] [REI] [REIPlugin START] Reloading Section: "pre-stage/ItemComparatorRegistryImpl/"
[21:30:21] [main/TRACE] [REI] [REIPlugin START] Reloading Section: "pre-stage/ItemComparatorRegistryImpl/" done in 15.86 μs
[21:30:21] [main/TRACE] [REI] [REIPlugin START] Reloading Section: "pre-stage/FluidComparatorRegistryImpl/"
[21:30:21] [main/TRACE] [REI] [REIPlugin START] Reloading Section: "pre-stage/FluidComparatorRegistryImpl/" done in 15.91 μs
[21:30:21] [main/TRACE] [REI] [REIPlugin START] Reloading Section: "pre-stage/DisplaySerializerRegistryImpl/"
[21:30:21] [main/TRACE] [REI] [REIPlugin START] Reloading Section: "pre-stage/DisplaySerializerRegistryImpl/" done in 16.65 μs
[21:30:21] [main/TRACE] [REI] [REIPlugin START] Reloading Section: "pre-stage/FluidSupportProviderImpl/"
[21:30:21] [main/TRACE] [REI] [REIPlugin START] Reloading Section: "pre-stage/FluidSupportProviderImpl/" done in 15.85 μs
[21:30:21] [main/TRACE] [REI] [REIPlugin START] Reloading Section: "pre-stage/" done in 741.3 μs
[21:30:21] [main/DEBUG] [REI] ========================================
[21:30:21] [main/DEBUG] [REI] REIPlugin finished pre-reload for START in 8.677 ms.
[21:30:21] [main/DEBUG] [REI] ========================================
[21:30:21] [main/DEBUG] [REI] ========================================
[21:30:21] [main/DEBUG] [REI] REIServerPlugin starting pre-reload for START.
[21:30:21] [main/DEBUG] [REI] Reloadables (2):
[21:30:21] [main/DEBUG] [REI]  - MenuInfoRegistryImpl
[21:30:21] [main/DEBUG] [REI]  - SlotAccessorRegistryImpl
[21:30:21] [main/DEBUG] [REI] Plugins (6):
[21:30:21] [main/DEBUG] [REI]  - (-100.00) DefaultPlugin of DefaultPlugin [roughlyenoughitems]
[21:30:21] [main/DEBUG] [REI]  - (0.00) FabricFluidAPISupportPlugin
[21:30:21] [main/DEBUG] [REI]  - (0.00) REIServerCompat of REIServerCompat [sophisticatedstorage]
[21:30:21] [main/DEBUG] [REI]  - (0.00) REIServerCompat of REIServerCompat [sophisticatedcore]
[21:30:21] [main/DEBUG] [REI]  - (0.00) REIServerCompat of REIServerCompat [sophisticatedbackpacks]
[21:30:21] [main/DEBUG] [REI]  - (0.00) DefaultRuntimePlugin of DefaultRuntimePlugin [roughlyenoughitems]
[21:30:21] [main/DEBUG] [REI] ========================================
[21:30:21] [main/TRACE] [REI] [REIServerPlugin START] Reloading Section: "pre-register/"
[21:30:21] [main/TRACE] [REI] [REIServerPlugin START] Reloading Section: "pre-register/DefaultPlugin of DefaultPlugin [roughlyenoughitems]/"
[21:30:21] [main/TRACE] [REI] [REIServerPlugin START] Reloading Section: "pre-register/DefaultPlugin of DefaultPlugin [roughlyenoughitems]/" done in 23.79 μs
[21:30:21] [main/TRACE] [REI] [REIServerPlugin START] Reloading Section: "pre-register/FabricFluidAPISupportPlugin/"
[21:30:21] [main/TRACE] [REI] [REIServerPlugin START] Reloading Section: "pre-register/FabricFluidAPISupportPlugin/" done in 23.41 μs
[21:30:21] [main/TRACE] [REI] [REIServerPlugin START] Reloading Section: "pre-register/REIServerCompat of REIServerCompat [sophisticatedstorage]/"
[21:30:21] [main/TRACE] [REI] [REIServerPlugin START] Reloading Section: "pre-register/REIServerCompat of REIServerCompat [sophisticatedstorage]/" done in 19.07 μs
[21:30:21] [main/TRACE] [REI] [REIServerPlugin START] Reloading Section: "pre-register/REIServerCompat of REIServerCompat [sophisticatedcore]/"
[21:30:21] [main/TRACE] [REI] [REIServerPlugin START] Reloading Section: "pre-register/REIServerCompat of REIServerCompat [sophisticatedcore]/" done in 17.48 μs
[21:30:21] [main/TRACE] [REI] [REIServerPlugin START] Reloading Section: "pre-register/REIServerCompat of REIServerCompat [sophisticatedbackpacks]/"
[21:30:21] [main/TRACE] [REI] [REIServerPlugin START] Reloading Section: "pre-register/REIServerCompat of REIServerCompat [sophisticatedbackpacks]/" done in 16.22 μs
[21:30:21] [main/TRACE] [REI] [REIServerPlugin START] Reloading Section: "pre-register/DefaultRuntimePlugin of DefaultRuntimePlugin [roughlyenoughitems]/"
[21:30:21] [main/TRACE] [REI] [REIServerPlugin START] Reloading Section: "pre-register/DefaultRuntimePlugin of DefaultRuntimePlugin [roughlyenoughitems]/" done in 17.46 μs
[21:30:21] [main/TRACE] [REI] [REIServerPlugin START] Reloading Section: "pre-register/" done in 367.5 μs
[21:30:21] [main/TRACE] [REI] [REIServerPlugin START] Reloading Section: "pre-stage/"
[21:30:21] [main/TRACE] [REI] [REIServerPlugin START] Reloading Section: "pre-stage/MenuInfoRegistryImpl/"
[21:30:21] [main/TRACE] [REI] [REIServerPlugin START] Reloading Section: "pre-stage/MenuInfoRegistryImpl/" done in 17.51 μs
[21:30:21] [main/TRACE] [REI] [REIServerPlugin START] Reloading Section: "pre-stage/SlotAccessorRegistryImpl/"
[21:30:21] [main/TRACE] [REI] [REIServerPlugin START] Reloading Section: "pre-stage/SlotAccessorRegistryImpl/" done in 16.85 μs
[21:30:21] [main/TRACE] [REI] [REIServerPlugin START] Reloading Section: "pre-stage/" done in 106.6 μs
[21:30:21] [main/DEBUG] [REI] ========================================
[21:30:21] [main/DEBUG] [REI] REIServerPlugin finished pre-reload for START in 523.2 μs.
[21:30:21] [main/DEBUG] [REI] ========================================
[21:30:21] [main/INFO] [REI] ****************************************
[21:30:21] [main/INFO] [REI] REIPlugin starting main-reload for START.
[21:30:21] [main/DEBUG] [REI] Reloadables (7):
[21:30:21] [main/DEBUG] [REI]  - EntryTypeRegistryImpl
[21:30:21] [main/DEBUG] [REI]  - EntrySettingsAdapterRegistryImpl
[21:30:21] [main/DEBUG] [REI]  - RecipeManagerContextImpl
[21:30:21] [main/DEBUG] [REI]  - ItemComparatorRegistryImpl
[21:30:21] [main/DEBUG] [REI]  - FluidComparatorRegistryImpl
[21:30:21] [main/DEBUG] [REI]  - DisplaySerializerRegistryImpl
[21:30:21] [main/DEBUG] [REI]  - FluidSupportProviderImpl
[21:30:21] [main/INFO] [REI] Plugins (6):
[21:30:21] [main/INFO] [REI]  - (-100.00) DefaultPlugin of DefaultPlugin [roughlyenoughitems]
[21:30:21] [main/INFO] [REI]  - (0.00) FabricFluidAPISupportPlugin
[21:30:21] [main/INFO] [REI]  - (0.00) REIServerCompat of REIServerCompat [sophisticatedstorage]
[21:30:21] [main/INFO] [REI]  - (0.00) REIServerCompat of REIServerCompat [sophisticatedcore]
[21:30:21] [main/INFO] [REI]  - (0.00) REIServerCompat of REIServerCompat [sophisticatedbackpacks]
[21:30:21] [main/INFO] [REI]  - (0.00) DefaultRuntimePlugin of DefaultRuntimePlugin [roughlyenoughitems]
[21:30:21] [main/INFO] [REI] ****************************************
[21:30:21] [main/TRACE] [REI] [REIPlugin START] Reloading Section: "start-reload/"
[21:30:21] [main/TRACE] [REI] [REIPlugin START] Reloading Section: "start-reload/EntryTypeRegistryImpl/"
[21:30:21] [main/TRACE] [REI] [REIPlugin START] Reloading Section: "start-reload/EntryTypeRegistryImpl/" done in 46.64 μs
[21:30:21] [main/TRACE] [REI] [REIPlugin START] Reloading Section: "start-reload/EntrySettingsAdapterRegistryImpl/"
[21:30:21] [main/TRACE] [REI] [REIPlugin START] Reloading Section: "start-reload/EntrySettingsAdapterRegistryImpl/" done in 23.45 μs
[21:30:21] [main/TRACE] [REI] [REIPlugin START] Reloading Section: "start-reload/RecipeManagerContextImpl/"
[21:30:21] [main/TRACE] [REI] [REIPlugin START] Reloading Section: "start-reload/RecipeManagerContextImpl/" done in 19.28 μs
[21:30:21] [main/TRACE] [REI] [REIPlugin START] Reloading Section: "start-reload/ItemComparatorRegistryImpl/"
[21:30:21] [main/TRACE] [REI] [REIPlugin START] Reloading Section: "start-reload/ItemComparatorRegistryImpl/" done in 30.15 μs
[21:30:21] [main/TRACE] [REI] [REIPlugin START] Reloading Section: "start-reload/FluidComparatorRegistryImpl/"
[21:30:21] [main/TRACE] [REI] [REIPlugin START] Reloading Section: "start-reload/FluidComparatorRegistryImpl/" done in 18.09 μs
[21:30:21] [main/TRACE] [REI] [REIPlugin START] Reloading Section: "start-reload/DisplaySerializerRegistryImpl/"
[21:30:21] [main/TRACE] [REI] [REIPlugin START] Reloading Section: "start-reload/DisplaySerializerRegistryImpl/" done in 19.68 μs
[21:30:21] [main/TRACE] [REI] [REIPlugin START] Reloading Section: "start-reload/FluidSupportProviderImpl/"
[21:30:21] [main/TRACE] [REI] [REIPlugin START] Reloading Section: "start-reload/FluidSupportProviderImpl/" done in 26.86 μs
[21:30:21] [main/TRACE] [REI] [REIPlugin START] Reloading Section: "start-reload/" done in 505.2 μs
[21:30:21] [main/DEBUG] [REI] ========================================
[21:30:21] [main/DEBUG] [REI] REIPlugin started main-reload for START.
[21:30:21] [main/DEBUG] [REI] ========================================
[21:30:21] [main/TRACE] [REI] [REIPlugin START] Reloading Section: "reloadable-plugin/EntryTypeRegistryImpl/"
[21:30:21] [main/TRACE] [REI] [REIPlugin START] Reloading Section: "reloadable-plugin/EntryTypeRegistryImpl/DefaultPlugin of DefaultPlugin [roughlyenoughitems]/"
[21:30:21] [main/TRACE] [REI] [REIPlugin START] Reloading Section: "reloadable-plugin/EntryTypeRegistryImpl/DefaultPlugin of DefaultPlugin [roughlyenoughitems]/" done in 119.8 μs
[21:30:21] [main/TRACE] [REI] [REIPlugin START] Reloading Section: "reloadable-plugin/EntryTypeRegistryImpl/FabricFluidAPISupportPlugin/"
[21:30:21] [main/TRACE] [REI] [REIPlugin START] Reloading Section: "reloadable-plugin/EntryTypeRegistryImpl/FabricFluidAPISupportPlugin/" done in 23.44 μs
[21:30:21] [main/TRACE] [REI] [REIPlugin START] Reloading Section: "reloadable-plugin/EntryTypeRegistryImpl/REIServerCompat of REIServerCompat [sophisticatedstorage]/"
[21:30:21] [main/TRACE] [REI] [REIPlugin START] Reloading Section: "reloadable-plugin/EntryTypeRegistryImpl/REIServerCompat of REIServerCompat [sophisticatedstorage]/" done in 28.08 μs
[21:30:21] [main/TRACE] [REI] [REIPlugin START] Reloading Section: "reloadable-plugin/EntryTypeRegistryImpl/REIServerCompat of REIServerCompat [sophisticatedcore]/"
[21:30:21] [main/TRACE] [REI] [REIPlugin START] Reloading Section: "reloadable-plugin/EntryTypeRegistryImpl/REIServerCompat of REIServerCompat [sophisticatedcore]/" done in 27.17 μs
[21:30:21] [main/TRACE] [REI] [REIPlugin START] Reloading Section: "reloadable-plugin/EntryTypeRegistryImpl/REIServerCompat of REIServerCompat [sophisticatedbackpacks]/"
[21:30:21] [main/TRACE] [REI] [REIPlugin START] Reloading Section: "reloadable-plugin/EntryTypeRegistryImpl/REIServerCompat of REIServerCompat [sophisticatedbackpacks]/" done in 20.85 μs
[21:30:21] [main/TRACE] [REI] [REIPlugin START] Reloading Section: "reloadable-plugin/EntryTypeRegistryImpl/DefaultRuntimePlugin of DefaultRuntimePlugin [roughlyenoughitems]/"
[21:30:21] [main/TRACE] [REI] [REIPlugin START] Reloading Section: "reloadable-plugin/EntryTypeRegistryImpl/DefaultRuntimePlugin of DefaultRuntimePlugin [roughlyenoughitems]/" done in 4.217 ms
[21:30:21] [main/TRACE] [REI] [REIPlugin START] Reloading Section: "reloadable-plugin/EntryTypeRegistryImpl/" done in 5.106 ms
[21:30:21] [main/TRACE] [REI] [REIPlugin START] Reloading Section: "reloadable-plugin/EntrySettingsAdapterRegistryImpl/"
[21:30:21] [main/TRACE] [REI] [REIPlugin START] Reloading Section: "reloadable-plugin/EntrySettingsAdapterRegistryImpl/DefaultPlugin of DefaultPlugin [roughlyenoughitems]/"
[21:30:21] [main/TRACE] [REI] [REIPlugin START] Reloading Section: "reloadable-plugin/EntrySettingsAdapterRegistryImpl/DefaultPlugin of DefaultPlugin [roughlyenoughitems]/" done in 23.72 μs
[21:30:21] [main/TRACE] [REI] [REIPlugin START] Reloading Section: "reloadable-plugin/EntrySettingsAdapterRegistryImpl/FabricFluidAPISupportPlugin/"
[21:30:21] [main/TRACE] [REI] [REIPlugin START] Reloading Section: "reloadable-plugin/EntrySettingsAdapterRegistryImpl/FabricFluidAPISupportPlugin/" done in 17.73 μs
[21:30:21] [main/TRACE] [REI] [REIPlugin START] Reloading Section: "reloadable-plugin/EntrySettingsAdapterRegistryImpl/REIServerCompat of REIServerCompat [sophisticatedstorage]/"
[21:30:21] [main/TRACE] [REI] [REIPlugin START] Reloading Section: "reloadable-plugin/EntrySettingsAdapterRegistryImpl/REIServerCompat of REIServerCompat [sophisticatedstorage]/" done in 19.61 μs
[21:30:21] [main/TRACE] [REI] [REIPlugin START] Reloading Section: "reloadable-plugin/EntrySettingsAdapterRegistryImpl/REIServerCompat of REIServerCompat [sophisticatedcore]/"
[21:30:21] [main/TRACE] [REI] [REIPlugin START] Reloading Section: "reloadable-plugin/EntrySettingsAdapterRegistryImpl/REIServerCompat of REIServerCompat [sophisticatedcore]/" done in 17.67 μs
[21:30:21] [main/TRACE] [REI] [REIPlugin START] Reloading Section: "reloadable-plugin/EntrySettingsAdapterRegistryImpl/REIServerCompat of REIServerCompat [sophisticatedbackpacks]/"
[21:30:21] [main/TRACE] [REI] [REIPlugin START] Reloading Section: "reloadable-plugin/EntrySettingsAdapterRegistryImpl/REIServerCompat of REIServerCompat [sophisticatedbackpacks]/" done in 19.47 μs
[21:30:21] [main/TRACE] [REI] [REIPlugin START] Reloading Section: "reloadable-plugin/EntrySettingsAdapterRegistryImpl/DefaultRuntimePlugin of DefaultRuntimePlugin [roughlyenoughitems]/"
[21:30:21] [main/TRACE] [REI] [REIPlugin START] Reloading Section: "reloadable-plugin/EntrySettingsAdapterRegistryImpl/DefaultRuntimePlugin of DefaultRuntimePlugin [roughlyenoughitems]/" done in 17.12 μs
[21:30:21] [main/TRACE] [REI] [REIPlugin START] Reloading Section: "reloadable-plugin/EntrySettingsAdapterRegistryImpl/" done in 352.9 μs
[21:30:21] [main/TRACE] [REI] [REIPlugin START] Reloading Section: "reloadable-plugin/RecipeManagerContextImpl/"
[21:30:21] [main/TRACE] [REI] [REIPlugin START] Reloading Section: "reloadable-plugin/RecipeManagerContextImpl/DefaultPlugin of DefaultPlugin [roughlyenoughitems]/"
[21:30:21] [main/TRACE] [REI] [REIPlugin START] Reloading Section: "reloadable-plugin/RecipeManagerContextImpl/DefaultPlugin of DefaultPlugin [roughlyenoughitems]/" done in 25.30 μs
[21:30:21] [main/TRACE] [REI] [REIPlugin START] Reloading Section: "reloadable-plugin/RecipeManagerContextImpl/FabricFluidAPISupportPlugin/"
[21:30:21] [main/TRACE] [REI] [REIPlugin START] Reloading Section: "reloadable-plugin/RecipeManagerContextImpl/FabricFluidAPISupportPlugin/" done in 21.93 μs
[21:30:21] [main/TRACE] [REI] [REIPlugin START] Reloading Section: "reloadable-plugin/RecipeManagerContextImpl/REIServerCompat of REIServerCompat [sophisticatedstorage]/"
[21:30:21] [main/TRACE] [REI] [REIPlugin START] Reloading Section: "reloadable-plugin/RecipeManagerContextImpl/REIServerCompat of REIServerCompat [sophisticatedstorage]/" done in 17.37 μs
[21:30:21] [main/TRACE] [REI] [REIPlugin START] Reloading Section: "reloadable-plugin/RecipeManagerContextImpl/REIServerCompat of REIServerCompat [sophisticatedcore]/"
[21:30:21] [main/TRACE] [REI] [REIPlugin START] Reloading Section: "reloadable-plugin/RecipeManagerContextImpl/REIServerCompat of REIServerCompat [sophisticatedcore]/" done in 16.94 μs
[21:30:21] [main/TRACE] [REI] [REIPlugin START] Reloading Section: "reloadable-plugin/RecipeManagerContextImpl/REIServerCompat of REIServerCompat [sophisticatedbackpacks]/"
[21:30:21] [main/TRACE] [REI] [REIPlugin START] Reloading Section: "reloadable-plugin/RecipeManagerContextImpl/REIServerCompat of REIServerCompat [sophisticatedbackpacks]/" done in 17.36 μs
[21:30:21] [main/TRACE] [REI] [REIPlugin START] Reloading Section: "reloadable-plugin/RecipeManagerContextImpl/DefaultRuntimePlugin of DefaultRuntimePlugin [roughlyenoughitems]/"
[21:30:21] [main/TRACE] [REI] [REIPlugin START] Reloading Section: "reloadable-plugin/RecipeManagerContextImpl/DefaultRuntimePlugin of DefaultRuntimePlugin [roughlyenoughitems]/" done in 19.54 μs
[21:30:21] [main/TRACE] [REI] [REIPlugin START] Reloading Section: "reloadable-plugin/RecipeManagerContextImpl/" done in 377.3 μs
[21:30:21] [main/TRACE] [REI] [REIPlugin START] Reloading Section: "reloadable-plugin/ItemComparatorRegistryImpl/"
[21:30:21] [main/TRACE] [REI] [REIPlugin START] Reloading Section: "reloadable-plugin/ItemComparatorRegistryImpl/DefaultPlugin of DefaultPlugin [roughlyenoughitems]/"
[21:30:21] [main/TRACE] [REI] [REIPlugin START] Reloading Section: "reloadable-plugin/ItemComparatorRegistryImpl/DefaultPlugin of DefaultPlugin [roughlyenoughitems]/" done in 312.7 μs
[21:30:21] [main/TRACE] [REI] [REIPlugin START] Reloading Section: "reloadable-plugin/ItemComparatorRegistryImpl/FabricFluidAPISupportPlugin/"
[21:30:21] [main/TRACE] [REI] [REIPlugin START] Reloading Section: "reloadable-plugin/ItemComparatorRegistryImpl/FabricFluidAPISupportPlugin/" done in 20.69 μs
[21:30:21] [main/TRACE] [REI] [REIPlugin START] Reloading Section: "reloadable-plugin/ItemComparatorRegistryImpl/REIServerCompat of REIServerCompat [sophisticatedstorage]/"
[21:30:21] [main/TRACE] [REI] [REIPlugin START] Reloading Section: "reloadable-plugin/ItemComparatorRegistryImpl/REIServerCompat of REIServerCompat [sophisticatedstorage]/" done in 393.2 μs
[21:30:21] [main/TRACE] [REI] [REIPlugin START] Reloading Section: "reloadable-plugin/ItemComparatorRegistryImpl/REIServerCompat of REIServerCompat [sophisticatedcore]/"
[21:30:21] [main/TRACE] [REI] [REIPlugin START] Reloading Section: "reloadable-plugin/ItemComparatorRegistryImpl/REIServerCompat of REIServerCompat [sophisticatedcore]/" done in 31.16 μs
[21:30:21] [main/TRACE] [REI] [REIPlugin START] Reloading Section: "reloadable-plugin/ItemComparatorRegistryImpl/REIServerCompat of REIServerCompat [sophisticatedbackpacks]/"
[21:30:21] [main/TRACE] [REI] [REIPlugin START] Reloading Section: "reloadable-plugin/ItemComparatorRegistryImpl/REIServerCompat of REIServerCompat [sophisticatedbackpacks]/" done in 189.7 μs
[21:30:21] [main/TRACE] [REI] [REIPlugin START] Reloading Section: "reloadable-plugin/ItemComparatorRegistryImpl/DefaultRuntimePlugin of DefaultRuntimePlugin [roughlyenoughitems]/"
[21:30:21] [main/TRACE] [REI] [REIPlugin START] Reloading Section: "reloadable-plugin/ItemComparatorRegistryImpl/DefaultRuntimePlugin of DefaultRuntimePlugin [roughlyenoughitems]/" done in 25.78 μs
[21:30:21] [main/TRACE] [REI] [REIPlugin START] Reloading Section: "reloadable-plugin/ItemComparatorRegistryImpl/" done in 1.285 ms
[21:30:21] [main/TRACE] [REI] [REIPlugin START] Reloading Section: "reloadable-plugin/FluidComparatorRegistryImpl/"
[21:30:21] [main/TRACE] [REI] [REIPlugin START] Reloading Section: "reloadable-plugin/FluidComparatorRegistryImpl/DefaultPlugin of DefaultPlugin [roughlyenoughitems]/"
[21:30:21] [main/TRACE] [REI] [REIPlugin START] Reloading Section: "reloadable-plugin/FluidComparatorRegistryImpl/DefaultPlugin of DefaultPlugin [roughlyenoughitems]/" done in 25.43 μs
[21:30:21] [main/TRACE] [REI] [REIPlugin START] Reloading Section: "reloadable-plugin/FluidComparatorRegistryImpl/FabricFluidAPISupportPlugin/"
[21:30:21] [main/TRACE] [REI] [REIPlugin START] Reloading Section: "reloadable-plugin/FluidComparatorRegistryImpl/FabricFluidAPISupportPlugin/" done in 17.34 μs
[21:30:21] [main/TRACE] [REI] [REIPlugin START] Reloading Section: "reloadable-plugin/FluidComparatorRegistryImpl/REIServerCompat of REIServerCompat [sophisticatedstorage]/"
[21:30:21] [main/TRACE] [REI] [REIPlugin START] Reloading Section: "reloadable-plugin/FluidComparatorRegistryImpl/REIServerCompat of REIServerCompat [sophisticatedstorage]/" done in 19.07 μs
[21:30:21] [main/TRACE] [REI] [REIPlugin START] Reloading Section: "reloadable-plugin/FluidComparatorRegistryImpl/REIServerCompat of REIServerCompat [sophisticatedcore]/"
[21:30:21] [main/TRACE] [REI] [REIPlugin START] Reloading Section: "reloadable-plugin/FluidComparatorRegistryImpl/REIServerCompat of REIServerCompat [sophisticatedcore]/" done in 18.16 μs
[21:30:21] [main/TRACE] [REI] [REIPlugin START] Reloading Section: "reloadable-plugin/FluidComparatorRegistryImpl/REIServerCompat of REIServerCompat [sophisticatedbackpacks]/"
[21:30:21] [main/TRACE] [REI] [REIPlugin START] Reloading Section: "reloadable-plugin/FluidComparatorRegistryImpl/REIServerCompat of REIServerCompat [sophisticatedbackpacks]/" done in 17.28 μs
[21:30:21] [main/TRACE] [REI] [REIPlugin START] Reloading Section: "reloadable-plugin/FluidComparatorRegistryImpl/DefaultRuntimePlugin of DefaultRuntimePlugin [roughlyenoughitems]/"
[21:30:21] [main/TRACE] [REI] [REIPlugin START] Reloading Section: "reloadable-plugin/FluidComparatorRegistryImpl/DefaultRuntimePlugin of DefaultRuntimePlugin [roughlyenoughitems]/" done in 16.79 μs
[21:30:21] [main/TRACE] [REI] [REIPlugin START] Reloading Section: "reloadable-plugin/FluidComparatorRegistryImpl/" done in 320.5 μs
[21:30:21] [main/TRACE] [REI] [REIPlugin START] Reloading Section: "reloadable-plugin/DisplaySerializerRegistryImpl/"
[21:30:21] [main/TRACE] [REI] [REIPlugin START] Reloading Section: "reloadable-plugin/DisplaySerializerRegistryImpl/DefaultPlugin of DefaultPlugin [roughlyenoughitems]/"
[21:30:21] [main/TRACE] [REI] [REIPlugin START] Reloading Section: "reloadable-plugin/DisplaySerializerRegistryImpl/DefaultPlugin of DefaultPlugin [roughlyenoughitems]/" done in 17.36 μs
[21:30:21] [main/TRACE] [REI] [REIPlugin START] Reloading Section: "reloadable-plugin/DisplaySerializerRegistryImpl/FabricFluidAPISupportPlugin/"
[21:30:21] [main/TRACE] [REI] [REIPlugin START] Reloading Section: "reloadable-plugin/DisplaySerializerRegistryImpl/FabricFluidAPISupportPlugin/" done in 17.84 μs
[21:30:21] [main/TRACE] [REI] [REIPlugin START] Reloading Section: "reloadable-plugin/DisplaySerializerRegistryImpl/REIServerCompat of REIServerCompat [sophisticatedstorage]/"
[21:30:21] [main/TRACE] [REI] [REIPlugin START] Reloading Section: "reloadable-plugin/DisplaySerializerRegistryImpl/REIServerCompat of REIServerCompat [sophisticatedstorage]/" done in 16.05 μs
[21:30:21] [main/TRACE] [REI] [REIPlugin START] Reloading Section: "reloadable-plugin/DisplaySerializerRegistryImpl/REIServerCompat of REIServerCompat [sophisticatedcore]/"
[21:30:21] [main/TRACE] [REI] [REIPlugin START] Reloading Section: "reloadable-plugin/DisplaySerializerRegistryImpl/REIServerCompat of REIServerCompat [sophisticatedcore]/" done in 22.69 μs
[21:30:21] [main/TRACE] [REI] [REIPlugin START] Reloading Section: "reloadable-plugin/DisplaySerializerRegistryImpl/REIServerCompat of REIServerCompat [sophisticatedbackpacks]/"
[21:30:21] [main/TRACE] [REI] [REIPlugin START] Reloading Section: "reloadable-plugin/DisplaySerializerRegistryImpl/REIServerCompat of REIServerCompat [sophisticatedbackpacks]/" done in 16.84 μs
[21:30:21] [main/TRACE] [REI] [REIPlugin START] Reloading Section: "reloadable-plugin/DisplaySerializerRegistryImpl/DefaultRuntimePlugin of DefaultRuntimePlugin [roughlyenoughitems]/"
[21:30:21] [main/TRACE] [REI] [REIPlugin START] Reloading Section: "reloadable-plugin/DisplaySerializerRegistryImpl/DefaultRuntimePlugin of DefaultRuntimePlugin [roughlyenoughitems]/" done in 18.37 μs
[21:30:21] [main/TRACE] [REI] [REIPlugin START] Reloading Section: "reloadable-plugin/DisplaySerializerRegistryImpl/" done in 314.3 μs
[21:30:21] [main/TRACE] [REI] [REIPlugin START] Reloading Section: "reloadable-plugin/FluidSupportProviderImpl/"
[21:30:21] [main/TRACE] [REI] [REIPlugin START] Reloading Section: "reloadable-plugin/FluidSupportProviderImpl/DefaultPlugin of DefaultPlugin [roughlyenoughitems]/"
[21:30:21] [main/TRACE] [REI] [REIPlugin START] Reloading Section: "reloadable-plugin/FluidSupportProviderImpl/DefaultPlugin of DefaultPlugin [roughlyenoughitems]/" done in 316.0 μs
[21:30:21] [main/TRACE] [REI] [REIPlugin START] Reloading Section: "reloadable-plugin/FluidSupportProviderImpl/FabricFluidAPISupportPlugin/"
[21:30:21] [main/TRACE] [REI] [REIPlugin START] Reloading Section: "reloadable-plugin/FluidSupportProviderImpl/FabricFluidAPISupportPlugin/" done in 95.92 μs
[21:30:21] [main/TRACE] [REI] [REIPlugin START] Reloading Section: "reloadable-plugin/FluidSupportProviderImpl/REIServerCompat of REIServerCompat [sophisticatedstorage]/"
[21:30:21] [main/TRACE] [REI] [REIPlugin START] Reloading Section: "reloadable-plugin/FluidSupportProviderImpl/REIServerCompat of REIServerCompat [sophisticatedstorage]/" done in 29.08 μs
[21:30:21] [main/TRACE] [REI] [REIPlugin START] Reloading Section: "reloadable-plugin/FluidSupportProviderImpl/REIServerCompat of REIServerCompat [sophisticatedcore]/"
[21:30:21] [main/TRACE] [REI] [REIPlugin START] Reloading Section: "reloadable-plugin/FluidSupportProviderImpl/REIServerCompat of REIServerCompat [sophisticatedcore]/" done in 30.56 μs
[21:30:21] [main/TRACE] [REI] [REIPlugin START] Reloading Section: "reloadable-plugin/FluidSupportProviderImpl/REIServerCompat of REIServerCompat [sophisticatedbackpacks]/"
[21:30:21] [main/TRACE] [REI] [REIPlugin START] Reloading Section: "reloadable-plugin/FluidSupportProviderImpl/REIServerCompat of REIServerCompat [sophisticatedbackpacks]/" done in 25.31 μs
[21:30:21] [main/TRACE] [REI] [REIPlugin START] Reloading Section: "reloadable-plugin/FluidSupportProviderImpl/DefaultRuntimePlugin of DefaultRuntimePlugin [roughlyenoughitems]/"
[21:30:21] [main/TRACE] [REI] [REIPlugin START] Reloading Section: "reloadable-plugin/FluidSupportProviderImpl/DefaultRuntimePlugin of DefaultRuntimePlugin [roughlyenoughitems]/" done in 20.88 μs
[21:30:21] [main/TRACE] [REI] [REIPlugin START] Reloading Section: "reloadable-plugin/FluidSupportProviderImpl/" done in 815.8 μs
[21:30:21] [main/DEBUG] [REI] ========================================
[21:30:21] [main/DEBUG] [REI] REIPlugin ending main-reload for START.
[21:30:21] [main/DEBUG] [REI] ========================================
[21:30:21] [main/TRACE] [REI] [REIPlugin START] Reloading Section: "end-reload/"
[21:30:21] [main/TRACE] [REI] [REIPlugin START] Reloading Section: "end-reload/EntryTypeRegistryImpl/"
[21:30:21] [main/TRACE] [REI] [REIPlugin START] Reloading Section: "end-reload/EntryTypeRegistryImpl/" done in 22.03 μs
[21:30:21] [main/TRACE] [REI] [REIPlugin START] Reloading Section: "end-reload/EntrySettingsAdapterRegistryImpl/"
[21:30:21] [main/TRACE] [REI] [REIPlugin START] Reloading Section: "end-reload/EntrySettingsAdapterRegistryImpl/" done in 20.15 μs
[21:30:21] [main/TRACE] [REI] [REIPlugin START] Reloading Section: "end-reload/RecipeManagerContextImpl/"
[21:30:21] [main/TRACE] [REI] [REIPlugin START] Reloading Section: "end-reload/RecipeManagerContextImpl/" done in 14.91 μs
[21:30:21] [main/TRACE] [REI] [REIPlugin START] Reloading Section: "end-reload/ItemComparatorRegistryImpl/"
[21:30:21] [main/TRACE] [REI] [REIPlugin START] Reloading Section: "end-reload/ItemComparatorRegistryImpl/" done in 14.11 μs
[21:30:21] [main/TRACE] [REI] [REIPlugin START] Reloading Section: "end-reload/FluidComparatorRegistryImpl/"
[21:30:21] [main/TRACE] [REI] [REIPlugin START] Reloading Section: "end-reload/FluidComparatorRegistryImpl/" done in 15.50 μs
[21:30:21] [main/TRACE] [REI] [REIPlugin START] Reloading Section: "end-reload/DisplaySerializerRegistryImpl/"
[21:30:21] [main/TRACE] [REI] [REIPlugin START] Reloading Section: "end-reload/DisplaySerializerRegistryImpl/" done in 14.06 μs
[21:30:21] [main/TRACE] [REI] [REIPlugin START] Reloading Section: "end-reload/FluidSupportProviderImpl/"
[21:30:21] [main/TRACE] [REI] [REIPlugin START] Reloading Section: "end-reload/FluidSupportProviderImpl/" done in 14.09 μs
[21:30:21] [main/TRACE] [REI] [REIPlugin START] Reloading Section: "end-reload/" done in 344.5 μs
[21:30:21] [main/DEBUG] [REI] ========================================
[21:30:21] [main/DEBUG] [REI] REIPlugin ended main-reload for START in 11.14 ms.
[21:30:21] [main/DEBUG] [REI] ========================================
[21:30:21] [main/INFO] [REI] ########################################
[21:30:21] [main/INFO] [REI] REIServerPlugin starting main-reload for START.
[21:30:21] [main/DEBUG] [REI] Reloadables (2):
[21:30:21] [main/DEBUG] [REI]  - MenuInfoRegistryImpl
[21:30:21] [main/DEBUG] [REI]  - SlotAccessorRegistryImpl
[21:30:21] [main/INFO] [REI] Plugins (6):
[21:30:21] [main/INFO] [REI]  - (-100.00) DefaultPlugin of DefaultPlugin [roughlyenoughitems]
[21:30:21] [main/INFO] [REI]  - (0.00) FabricFluidAPISupportPlugin
[21:30:21] [main/INFO] [REI]  - (0.00) REIServerCompat of REIServerCompat [sophisticatedstorage]
[21:30:21] [main/INFO] [REI]  - (0.00) REIServerCompat of REIServerCompat [sophisticatedcore]
[21:30:21] [main/INFO] [REI]  - (0.00) REIServerCompat of REIServerCompat [sophisticatedbackpacks]
[21:30:21] [main/INFO] [REI]  - (0.00) DefaultRuntimePlugin of DefaultRuntimePlugin [roughlyenoughitems]
[21:30:21] [main/INFO] [REI] ########################################
[21:30:21] [main/TRACE] [REI] [REIServerPlugin START] Reloading Section: "start-reload/"
[21:30:21] [main/TRACE] [REI] [REIServerPlugin START] Reloading Section: "start-reload/MenuInfoRegistryImpl/"
[21:30:21] [main/TRACE] [REI] [REIServerPlugin START] Reloading Section: "start-reload/MenuInfoRegistryImpl/" done in 15.61 μs
[21:30:21] [main/TRACE] [REI] [REIServerPlugin START] Reloading Section: "start-reload/SlotAccessorRegistryImpl/"
[21:30:21] [main/TRACE] [REI] [REIServerPlugin START] Reloading Section: "start-reload/SlotAccessorRegistryImpl/" done in 13.88 μs
[21:30:21] [main/TRACE] [REI] [REIServerPlugin START] Reloading Section: "start-reload/" done in 119.0 μs
[21:30:21] [main/DEBUG] [REI] ========================================
[21:30:21] [main/DEBUG] [REI] REIServerPlugin started main-reload for START.
[21:30:21] [main/DEBUG] [REI] ========================================
[21:30:21] [main/TRACE] [REI] [REIServerPlugin START] Reloading Section: "reloadable-plugin/MenuInfoRegistryImpl/"
[21:30:21] [main/TRACE] [REI] [REIServerPlugin START] Reloading Section: "reloadable-plugin/MenuInfoRegistryImpl/DefaultPlugin of DefaultPlugin [roughlyenoughitems]/"
[21:30:21] [main/TRACE] [REI] [REIServerPlugin START] Reloading Section: "reloadable-plugin/MenuInfoRegistryImpl/DefaultPlugin of DefaultPlugin [roughlyenoughitems]/" done in 16.63 μs
[21:30:21] [main/TRACE] [REI] [REIServerPlugin START] Reloading Section: "reloadable-plugin/MenuInfoRegistryImpl/FabricFluidAPISupportPlugin/"
[21:30:21] [main/TRACE] [REI] [REIServerPlugin START] Reloading Section: "reloadable-plugin/MenuInfoRegistryImpl/FabricFluidAPISupportPlugin/" done in 20.59 μs
[21:30:21] [main/TRACE] [REI] [REIServerPlugin START] Reloading Section: "reloadable-plugin/MenuInfoRegistryImpl/REIServerCompat of REIServerCompat [sophisticatedstorage]/"
[21:30:21] [main/TRACE] [REI] [REIServerPlugin START] Reloading Section: "reloadable-plugin/MenuInfoRegistryImpl/REIServerCompat of REIServerCompat [sophisticatedstorage]/" done in 16.48 μs
[21:30:21] [main/TRACE] [REI] [REIServerPlugin START] Reloading Section: "reloadable-plugin/MenuInfoRegistryImpl/REIServerCompat of REIServerCompat [sophisticatedcore]/"
[21:30:21] [main/TRACE] [REI] [REIServerPlugin START] Reloading Section: "reloadable-plugin/MenuInfoRegistryImpl/REIServerCompat of REIServerCompat [sophisticatedcore]/" done in 20.47 μs
[21:30:21] [main/TRACE] [REI] [REIServerPlugin START] Reloading Section: "reloadable-plugin/MenuInfoRegistryImpl/REIServerCompat of REIServerCompat [sophisticatedbackpacks]/"
[21:30:21] [main/TRACE] [REI] [REIServerPlugin START] Reloading Section: "reloadable-plugin/MenuInfoRegistryImpl/REIServerCompat of REIServerCompat [sophisticatedbackpacks]/" done in 34.66 μs
[21:30:21] [main/TRACE] [REI] [REIServerPlugin START] Reloading Section: "reloadable-plugin/MenuInfoRegistryImpl/DefaultRuntimePlugin of DefaultRuntimePlugin [roughlyenoughitems]/"
[21:30:21] [main/TRACE] [REI] [REIServerPlugin START] Reloading Section: "reloadable-plugin/MenuInfoRegistryImpl/DefaultRuntimePlugin of DefaultRuntimePlugin [roughlyenoughitems]/" done in 16.59 μs
[21:30:21] [main/TRACE] [REI] [REIServerPlugin START] Reloading Section: "reloadable-plugin/MenuInfoRegistryImpl/" done in 347.0 μs
[21:30:21] [main/TRACE] [REI] [REIServerPlugin START] Reloading Section: "reloadable-plugin/SlotAccessorRegistryImpl/"
[21:30:21] [main/TRACE] [REI] [REIServerPlugin START] Reloading Section: "reloadable-plugin/SlotAccessorRegistryImpl/DefaultPlugin of DefaultPlugin [roughlyenoughitems]/"
[21:30:21] [main/TRACE] [REI] [REIServerPlugin START] Reloading Section: "reloadable-plugin/SlotAccessorRegistryImpl/DefaultPlugin of DefaultPlugin [roughlyenoughitems]/" done in 15.46 μs
[21:30:21] [main/TRACE] [REI] [REIServerPlugin START] Reloading Section: "reloadable-plugin/SlotAccessorRegistryImpl/FabricFluidAPISupportPlugin/"
[21:30:21] [main/TRACE] [REI] [REIServerPlugin START] Reloading Section: "reloadable-plugin/SlotAccessorRegistryImpl/FabricFluidAPISupportPlugin/" done in 17.58 μs
[21:30:21] [main/TRACE] [REI] [REIServerPlugin START] Reloading Section: "reloadable-plugin/SlotAccessorRegistryImpl/REIServerCompat of REIServerCompat [sophisticatedstorage]/"
[21:30:21] [main/TRACE] [REI] [REIServerPlugin START] Reloading Section: "reloadable-plugin/SlotAccessorRegistryImpl/REIServerCompat of REIServerCompat [sophisticatedstorage]/" done in 17.73 μs
[21:30:21] [main/TRACE] [REI] [REIServerPlugin START] Reloading Section: "reloadable-plugin/SlotAccessorRegistryImpl/REIServerCompat of REIServerCompat [sophisticatedcore]/"
[21:30:21] [main/TRACE] [REI] [REIServerPlugin START] Reloading Section: "reloadable-plugin/SlotAccessorRegistryImpl/REIServerCompat of REIServerCompat [sophisticatedcore]/" done in 14.85 μs
[21:30:21] [main/TRACE] [REI] [REIServerPlugin START] Reloading Section: "reloadable-plugin/SlotAccessorRegistryImpl/REIServerCompat of REIServerCompat [sophisticatedbackpacks]/"
[21:30:21] [main/TRACE] [REI] [REIServerPlugin START] Reloading Section: "reloadable-plugin/SlotAccessorRegistryImpl/REIServerCompat of REIServerCompat [sophisticatedbackpacks]/" done in 14.47 μs
[21:30:21] [main/TRACE] [REI] [REIServerPlugin START] Reloading Section: "reloadable-plugin/SlotAccessorRegistryImpl/DefaultRuntimePlugin of DefaultRuntimePlugin [roughlyenoughitems]/"
[21:30:21] [main/TRACE] [REI] [REIServerPlugin START] Reloading Section: "reloadable-plugin/SlotAccessorRegistryImpl/DefaultRuntimePlugin of DefaultRuntimePlugin [roughlyenoughitems]/" done in 15.15 μs
[21:30:21] [main/TRACE] [REI] [REIServerPlugin START] Reloading Section: "reloadable-plugin/SlotAccessorRegistryImpl/" done in 300.2 μs
[21:30:21] [main/DEBUG] [REI] ========================================
[21:30:21] [main/DEBUG] [REI] REIServerPlugin ending main-reload for START.
[21:30:21] [main/DEBUG] [REI] ========================================
[21:30:21] [main/TRACE] [REI] [REIServerPlugin START] Reloading Section: "end-reload/"
[21:30:21] [main/TRACE] [REI] [REIServerPlugin START] Reloading Section: "end-reload/MenuInfoRegistryImpl/"
[21:30:21] [main/TRACE] [REI] [REIServerPlugin START] Reloading Section: "end-reload/MenuInfoRegistryImpl/" done in 12.19 μs
[21:30:21] [main/TRACE] [REI] [REIServerPlugin START] Reloading Section: "end-reload/SlotAccessorRegistryImpl/"
[21:30:21] [main/TRACE] [REI] [REIServerPlugin START] Reloading Section: "end-reload/SlotAccessorRegistryImpl/" done in 13.66 μs
[21:30:21] [main/TRACE] [REI] [REIServerPlugin START] Reloading Section: "end-reload/" done in 84.96 μs
[21:30:21] [main/DEBUG] [REI] ========================================
[21:30:21] [main/DEBUG] [REI] REIServerPlugin ended main-reload for START in 1.822 ms.
[21:30:21] [main/DEBUG] [REI] ========================================
[21:30:21] [main/DEBUG] [REI] ========================================
[21:30:21] [main/DEBUG] [REI] REIPlugin starting post-reload for START.
[21:30:21] [main/DEBUG] [REI] Reloadables (7):
[21:30:21] [main/DEBUG] [REI]  - EntryTypeRegistryImpl
[21:30:21] [main/DEBUG] [REI]  - EntrySettingsAdapterRegistryImpl
[21:30:21] [main/DEBUG] [REI]  - RecipeManagerContextImpl
[21:30:21] [main/DEBUG] [REI]  - ItemComparatorRegistryImpl
[21:30:21] [main/DEBUG] [REI]  - FluidComparatorRegistryImpl
[21:30:21] [main/DEBUG] [REI]  - DisplaySerializerRegistryImpl
[21:30:21] [main/DEBUG] [REI]  - FluidSupportProviderImpl
[21:30:21] [main/DEBUG] [REI] Plugins (6):
[21:30:21] [main/DEBUG] [REI]  - (-100.00) DefaultPlugin of DefaultPlugin [roughlyenoughitems]
[21:30:21] [main/DEBUG] [REI]  - (0.00) FabricFluidAPISupportPlugin
[21:30:21] [main/DEBUG] [REI]  - (0.00) REIServerCompat of REIServerCompat [sophisticatedstorage]
[21:30:21] [main/DEBUG] [REI]  - (0.00) REIServerCompat of REIServerCompat [sophisticatedcore]
[21:30:21] [main/DEBUG] [REI]  - (0.00) REIServerCompat of REIServerCompat [sophisticatedbackpacks]
[21:30:21] [main/DEBUG] [REI]  - (0.00) DefaultRuntimePlugin of DefaultRuntimePlugin [roughlyenoughitems]
[21:30:21] [main/DEBUG] [REI] ========================================
[21:30:21] [main/TRACE] [REI] [REIPlugin START] Reloading Section: "post-register/"
[21:30:21] [main/TRACE] [REI] [REIPlugin START] Reloading Section: "post-register/DefaultPlugin of DefaultPlugin [roughlyenoughitems]/"
[21:30:21] [main/TRACE] [REI] [REIPlugin START] Reloading Section: "post-register/DefaultPlugin of DefaultPlugin [roughlyenoughitems]/" done in 88.76 μs
[21:30:21] [main/TRACE] [REI] [REIPlugin START] Reloading Section: "post-register/FabricFluidAPISupportPlugin/"
[21:30:21] [main/TRACE] [REI] [REIPlugin START] Reloading Section: "post-register/FabricFluidAPISupportPlugin/" done in 15.78 μs
[21:30:21] [main/TRACE] [REI] [REIPlugin START] Reloading Section: "post-register/REIServerCompat of REIServerCompat [sophisticatedstorage]/"
[21:30:21] [main/TRACE] [REI] [REIPlugin START] Reloading Section: "post-register/REIServerCompat of REIServerCompat [sophisticatedstorage]/" done in 14.53 μs
[21:30:21] [main/TRACE] [REI] [REIPlugin START] Reloading Section: "post-register/REIServerCompat of REIServerCompat [sophisticatedcore]/"
[21:30:21] [main/TRACE] [REI] [REIPlugin START] Reloading Section: "post-register/REIServerCompat of REIServerCompat [sophisticatedcore]/" done in 15.24 μs
[21:30:21] [main/TRACE] [REI] [REIPlugin START] Reloading Section: "post-register/REIServerCompat of REIServerCompat [sophisticatedbackpacks]/"
[21:30:21] [main/TRACE] [REI] [REIPlugin START] Reloading Section: "post-register/REIServerCompat of REIServerCompat [sophisticatedbackpacks]/" done in 12.15 μs
[21:30:21] [main/TRACE] [REI] [REIPlugin START] Reloading Section: "post-register/DefaultRuntimePlugin of DefaultRuntimePlugin [roughlyenoughitems]/"
[21:30:21] [main/TRACE] [REI] [REIPlugin START] Reloading Section: "post-register/DefaultRuntimePlugin of DefaultRuntimePlugin [roughlyenoughitems]/" done in 16.43 μs
[21:30:21] [main/TRACE] [REI] [REIPlugin START] Reloading Section: "post-register/" done in 451.0 μs
[21:30:21] [main/TRACE] [REI] [REIPlugin START] Reloading Section: "post-stage/"
[21:30:21] [main/TRACE] [REI] [REIPlugin START] Reloading Section: "post-stage/EntryTypeRegistryImpl/"
[21:30:21] [main/TRACE] [REI] [REIPlugin START] Reloading Section: "post-stage/EntryTypeRegistryImpl/" done in 18.17 μs
[21:30:21] [main/TRACE] [REI] [REIPlugin START] Reloading Section: "post-stage/EntrySettingsAdapterRegistryImpl/"
[21:30:21] [main/TRACE] [REI] [REIPlugin START] Reloading Section: "post-stage/EntrySettingsAdapterRegistryImpl/" done in 12.59 μs
[21:30:21] [main/TRACE] [REI] [REIPlugin START] Reloading Section: "post-stage/RecipeManagerContextImpl/"
[21:30:21] [main/TRACE] [REI] [REIPlugin START] Reloading Section: "post-stage/RecipeManagerContextImpl/" done in 10.48 μs
[21:30:21] [main/TRACE] [REI] [REIPlugin START] Reloading Section: "post-stage/ItemComparatorRegistryImpl/"
[21:30:21] [main/TRACE] [REI] [REIPlugin START] Reloading Section: "post-stage/ItemComparatorRegistryImpl/" done in 9.890 μs
[21:30:21] [main/TRACE] [REI] [REIPlugin START] Reloading Section: "post-stage/FluidComparatorRegistryImpl/"
[21:30:21] [main/TRACE] [REI] [REIPlugin START] Reloading Section: "post-stage/FluidComparatorRegistryImpl/" done in 15.25 μs
[21:30:21] [main/TRACE] [REI] [REIPlugin START] Reloading Section: "post-stage/DisplaySerializerRegistryImpl/"
[21:30:21] [main/TRACE] [REI] [REIPlugin START] Reloading Section: "post-stage/DisplaySerializerRegistryImpl/" done in 10.51 μs
[21:30:21] [main/TRACE] [REI] [REIPlugin START] Reloading Section: "post-stage/FluidSupportProviderImpl/"
[21:30:21] [main/TRACE] [REI] [REIPlugin START] Reloading Section: "post-stage/FluidSupportProviderImpl/" done in 12.13 μs
[21:30:21] [main/TRACE] [REI] [REIPlugin START] Reloading Section: "post-stage/" done in 301.9 μs
[21:30:21] [main/DEBUG] [REI] ========================================
[21:30:21] [main/INFO] [REI] REIPlugin finished post-reload for START in 796.6 μs, totaling 20.60 ms.
[21:30:21] [main/DEBUG] [REI] ========================================
[21:30:21] [main/DEBUG] [REI] ========================================
[21:30:21] [main/DEBUG] [REI] REIServerPlugin starting post-reload for START.
[21:30:21] [main/DEBUG] [REI] Reloadables (2):
[21:30:21] [main/DEBUG] [REI]  - MenuInfoRegistryImpl
[21:30:21] [main/DEBUG] [REI]  - SlotAccessorRegistryImpl
[21:30:21] [main/DEBUG] [REI] Plugins (6):
[21:30:21] [main/DEBUG] [REI]  - (-100.00) DefaultPlugin of DefaultPlugin [roughlyenoughitems]
[21:30:21] [main/DEBUG] [REI]  - (0.00) FabricFluidAPISupportPlugin
[21:30:21] [main/DEBUG] [REI]  - (0.00) REIServerCompat of REIServerCompat [sophisticatedstorage]
[21:30:21] [main/DEBUG] [REI]  - (0.00) REIServerCompat of REIServerCompat [sophisticatedcore]
[21:30:21] [main/DEBUG] [REI]  - (0.00) REIServerCompat of REIServerCompat [sophisticatedbackpacks]
[21:30:21] [main/DEBUG] [REI]  - (0.00) DefaultRuntimePlugin of DefaultRuntimePlugin [roughlyenoughitems]
[21:30:21] [main/DEBUG] [REI] ========================================
[21:30:21] [main/TRACE] [REI] [REIServerPlugin START] Reloading Section: "post-register/"
[21:30:21] [main/TRACE] [REI] [REIServerPlugin START] Reloading Section: "post-register/DefaultPlugin of DefaultPlugin [roughlyenoughitems]/"
[21:30:21] [main/TRACE] [REI] [REIServerPlugin START] Reloading Section: "post-register/DefaultPlugin of DefaultPlugin [roughlyenoughitems]/" done in 18.12 μs
[21:30:21] [main/TRACE] [REI] [REIServerPlugin START] Reloading Section: "post-register/FabricFluidAPISupportPlugin/"
[21:30:21] [main/TRACE] [REI] [REIServerPlugin START] Reloading Section: "post-register/FabricFluidAPISupportPlugin/" done in 13.16 μs
[21:30:21] [main/TRACE] [REI] [REIServerPlugin START] Reloading Section: "post-register/REIServerCompat of REIServerCompat [sophisticatedstorage]/"
[21:30:21] [main/TRACE] [REI] [REIServerPlugin START] Reloading Section: "post-register/REIServerCompat of REIServerCompat [sophisticatedstorage]/" done in 20.10 μs
[21:30:21] [main/TRACE] [REI] [REIServerPlugin START] Reloading Section: "post-register/REIServerCompat of REIServerCompat [sophisticatedcore]/"
[21:30:21] [main/TRACE] [REI] [REIServerPlugin START] Reloading Section: "post-register/REIServerCompat of REIServerCompat [sophisticatedcore]/" done in 13.93 μs
[21:30:21] [main/TRACE] [REI] [REIServerPlugin START] Reloading Section: "post-register/REIServerCompat of REIServerCompat [sophisticatedbackpacks]/"
[21:30:21] [main/TRACE] [REI] [REIServerPlugin START] Reloading Section: "post-register/REIServerCompat of REIServerCompat [sophisticatedbackpacks]/" done in 11.96 μs
[21:30:21] [main/TRACE] [REI] [REIServerPlugin START] Reloading Section: "post-register/DefaultRuntimePlugin of DefaultRuntimePlugin [roughlyenoughitems]/"
[21:30:21] [main/TRACE] [REI] [REIServerPlugin START] Reloading Section: "post-register/DefaultRuntimePlugin of DefaultRuntimePlugin [roughlyenoughitems]/" done in 13.56 μs
[21:30:21] [main/TRACE] [REI] [REIServerPlugin START] Reloading Section: "post-register/" done in 274.6 μs
[21:30:21] [main/TRACE] [REI] [REIServerPlugin START] Reloading Section: "post-stage/"
[21:30:21] [main/TRACE] [REI] [REIServerPlugin START] Reloading Section: "post-stage/MenuInfoRegistryImpl/"
[21:30:21] [main/TRACE] [REI] [REIServerPlugin START] Reloading Section: "post-stage/MenuInfoRegistryImpl/" done in 11.41 μs
[21:30:21] [main/TRACE] [REI] [REIServerPlugin START] Reloading Section: "post-stage/SlotAccessorRegistryImpl/"
[21:30:21] [main/TRACE] [REI] [REIServerPlugin START] Reloading Section: "post-stage/SlotAccessorRegistryImpl/" done in 10.50 μs
[21:30:21] [main/TRACE] [REI] [REIServerPlugin START] Reloading Section: "post-stage/" done in 81.64 μs
[21:30:21] [main/DEBUG] [REI] ========================================
[21:30:21] [main/INFO] [REI] REIServerPlugin finished post-reload for START in 401.9 μs, totaling 2.742 ms.
[21:30:21] [main/DEBUG] [REI] ========================================
[21:30:21] [main/DEBUG] [REI] ========================================
[21:30:21] [main/DEBUG] [REI] REIPlugin starting pre-reload for END.
[21:30:21] [main/DEBUG] [REI] Reloadables (7):
[21:30:21] [main/DEBUG] [REI]  - EntryTypeRegistryImpl
[21:30:21] [main/DEBUG] [REI]  - EntrySettingsAdapterRegistryImpl
[21:30:21] [main/DEBUG] [REI]  - RecipeManagerContextImpl
[21:30:21] [main/DEBUG] [REI]  - ItemComparatorRegistryImpl
[21:30:21] [main/DEBUG] [REI]  - FluidComparatorRegistryImpl
[21:30:21] [main/DEBUG] [REI]  - DisplaySerializerRegistryImpl
[21:30:21] [main/DEBUG] [REI]  - FluidSupportProviderImpl
[21:30:21] [main/DEBUG] [REI] Plugins (6):
[21:30:21] [main/DEBUG] [REI]  - (-100.00) DefaultPlugin of DefaultPlugin [roughlyenoughitems]
[21:30:21] [main/DEBUG] [REI]  - (0.00) FabricFluidAPISupportPlugin
[21:30:21] [main/DEBUG] [REI]  - (0.00) REIServerCompat of REIServerCompat [sophisticatedstorage]
[21:30:21] [main/DEBUG] [REI]  - (0.00) REIServerCompat of REIServerCompat [sophisticatedcore]
[21:30:21] [main/DEBUG] [REI]  - (0.00) REIServerCompat of REIServerCompat [sophisticatedbackpacks]
[21:30:21] [main/DEBUG] [REI]  - (0.00) DefaultRuntimePlugin of DefaultRuntimePlugin [roughlyenoughitems]
[21:30:21] [main/DEBUG] [REI] ========================================
[21:30:21] [main/TRACE] [REI] [REIPlugin END] Reloading Section: "pre-register/"
[21:30:21] [main/TRACE] [REI] [REIPlugin END] Reloading Section: "pre-register/DefaultPlugin of DefaultPlugin [roughlyenoughitems]/"
[21:30:21] [main/TRACE] [REI] [REIPlugin END] Reloading Section: "pre-register/DefaultPlugin of DefaultPlugin [roughlyenoughitems]/" done in 13.17 μs
[21:30:21] [main/TRACE] [REI] [REIPlugin END] Reloading Section: "pre-register/FabricFluidAPISupportPlugin/"
[21:30:21] [main/TRACE] [REI] [REIPlugin END] Reloading Section: "pre-register/FabricFluidAPISupportPlugin/" done in 12.66 μs
[21:30:21] [main/TRACE] [REI] [REIPlugin END] Reloading Section: "pre-register/REIServerCompat of REIServerCompat [sophisticatedstorage]/"
[21:30:21] [main/TRACE] [REI] [REIPlugin END] Reloading Section: "pre-register/REIServerCompat of REIServerCompat [sophisticatedstorage]/" done in 13.53 μs
[21:30:21] [main/TRACE] [REI] [REIPlugin END] Reloading Section: "pre-register/REIServerCompat of REIServerCompat [sophisticatedcore]/"
[21:30:21] [main/TRACE] [REI] [REIPlugin END] Reloading Section: "pre-register/REIServerCompat of REIServerCompat [sophisticatedcore]/" done in 10.79 μs
[21:30:21] [main/TRACE] [REI] [REIPlugin END] Reloading Section: "pre-register/REIServerCompat of REIServerCompat [sophisticatedbackpacks]/"
[21:30:21] [main/TRACE] [REI] [REIPlugin END] Reloading Section: "pre-register/REIServerCompat of REIServerCompat [sophisticatedbackpacks]/" done in 10.72 μs
[21:30:21] [main/TRACE] [REI] [REIPlugin END] Reloading Section: "pre-register/DefaultRuntimePlugin of DefaultRuntimePlugin [roughlyenoughitems]/"
[21:30:21] [main/TRACE] [REI] [REIPlugin END] Reloading Section: "pre-register/DefaultRuntimePlugin of DefaultRuntimePlugin [roughlyenoughitems]/" done in 17.58 μs
[21:30:21] [main/TRACE] [REI] [REIPlugin END] Reloading Section: "pre-register/" done in 274.3 μs
[21:30:21] [main/TRACE] [REI] [REIPlugin END] Reloading Section: "pre-stage/"
[21:30:21] [main/TRACE] [REI] [REIPlugin END] Reloading Section: "pre-stage/EntryTypeRegistryImpl/"
[21:30:21] [main/TRACE] [REI] [REIPlugin END] Reloading Section: "pre-stage/EntryTypeRegistryImpl/" done in 11.77 μs
[21:30:21] [main/TRACE] [REI] [REIPlugin END] Reloading Section: "pre-stage/EntrySettingsAdapterRegistryImpl/"
[21:30:21] [main/TRACE] [REI] [REIPlugin END] Reloading Section: "pre-stage/EntrySettingsAdapterRegistryImpl/" done in 11.05 μs
[21:30:21] [main/TRACE] [REI] [REIPlugin END] Reloading Section: "pre-stage/RecipeManagerContextImpl/"
[21:30:21] [main/TRACE] [REI] [REIPlugin END] Reloading Section: "pre-stage/RecipeManagerContextImpl/" done in 10.14 μs
[21:30:21] [main/TRACE] [REI] [REIPlugin END] Reloading Section: "pre-stage/ItemComparatorRegistryImpl/"
[21:30:21] [main/TRACE] [REI] [REIPlugin END] Reloading Section: "pre-stage/ItemComparatorRegistryImpl/" done in 15.94 μs
[21:30:21] [main/TRACE] [REI] [REIPlugin END] Reloading Section: "pre-stage/FluidComparatorRegistryImpl/"
[21:30:21] [main/TRACE] [REI] [REIPlugin END] Reloading Section: "pre-stage/FluidComparatorRegistryImpl/" done in 10.09 μs
[21:30:21] [main/TRACE] [REI] [REIPlugin END] Reloading Section: "pre-stage/DisplaySerializerRegistryImpl/"
[21:30:21] [main/TRACE] [REI] [REIPlugin END] Reloading Section: "pre-stage/DisplaySerializerRegistryImpl/" done in 8.100 μs
[21:30:21] [main/TRACE] [REI] [REIPlugin END] Reloading Section: "pre-stage/FluidSupportProviderImpl/"
[21:30:21] [main/TRACE] [REI] [REIPlugin END] Reloading Section: "pre-stage/FluidSupportProviderImpl/" done in 11.73 μs
[21:30:21] [main/TRACE] [REI] [REIPlugin END] Reloading Section: "pre-stage/" done in 235.0 μs
[21:30:21] [main/DEBUG] [REI] ========================================
[21:30:21] [main/DEBUG] [REI] REIPlugin finished pre-reload for END in 543.6 μs.
[21:30:21] [main/DEBUG] [REI] ========================================
[21:30:21] [main/DEBUG] [REI] ========================================
[21:30:21] [main/DEBUG] [REI] REIServerPlugin starting pre-reload for END.
[21:30:21] [main/DEBUG] [REI] Reloadables (2):
[21:30:21] [main/DEBUG] [REI]  - MenuInfoRegistryImpl
[21:30:21] [main/DEBUG] [REI]  - SlotAccessorRegistryImpl
[21:30:21] [main/DEBUG] [REI] Plugins (6):
[21:30:21] [main/DEBUG] [REI]  - (-100.00) DefaultPlugin of DefaultPlugin [roughlyenoughitems]
[21:30:21] [main/DEBUG] [REI]  - (0.00) FabricFluidAPISupportPlugin
[21:30:21] [main/DEBUG] [REI]  - (0.00) REIServerCompat of REIServerCompat [sophisticatedstorage]
[21:30:21] [main/DEBUG] [REI]  - (0.00) REIServerCompat of REIServerCompat [sophisticatedcore]
[21:30:21] [main/DEBUG] [REI]  - (0.00) REIServerCompat of REIServerCompat [sophisticatedbackpacks]
[21:30:21] [main/DEBUG] [REI]  - (0.00) DefaultRuntimePlugin of DefaultRuntimePlugin [roughlyenoughitems]
[21:30:21] [main/DEBUG] [REI] ========================================
[21:30:21] [main/TRACE] [REI] [REIServerPlugin END] Reloading Section: "pre-register/"
[21:30:21] [main/TRACE] [REI] [REIServerPlugin END] Reloading Section: "pre-register/DefaultPlugin of DefaultPlugin [roughlyenoughitems]/"
[21:30:21] [main/TRACE] [REI] [REIServerPlugin END] Reloading Section: "pre-register/DefaultPlugin of DefaultPlugin [roughlyenoughitems]/" done in 11.38 μs
[21:30:21] [main/TRACE] [REI] [REIServerPlugin END] Reloading Section: "pre-register/FabricFluidAPISupportPlugin/"
[21:30:21] [main/TRACE] [REI] [REIServerPlugin END] Reloading Section: "pre-register/FabricFluidAPISupportPlugin/" done in 12.11 μs
[21:30:21] [main/TRACE] [REI] [REIServerPlugin END] Reloading Section: "pre-register/REIServerCompat of REIServerCompat [sophisticatedstorage]/"
[21:30:21] [main/TRACE] [REI] [REIServerPlugin END] Reloading Section: "pre-register/REIServerCompat of REIServerCompat [sophisticatedstorage]/" done in 10.94 μs
[21:30:21] [main/TRACE] [REI] [REIServerPlugin END] Reloading Section: "pre-register/REIServerCompat of REIServerCompat [sophisticatedcore]/"
[21:30:21] [main/TRACE] [REI] [REIServerPlugin END] Reloading Section: "pre-register/REIServerCompat of REIServerCompat [sophisticatedcore]/" done in 11.34 μs
[21:30:21] [main/TRACE] [REI] [REIServerPlugin END] Reloading Section: "pre-register/REIServerCompat of REIServerCompat [sophisticatedbackpacks]/"
[21:30:21] [main/TRACE] [REI] [REIServerPlugin END] Reloading Section: "pre-register/REIServerCompat of REIServerCompat [sophisticatedbackpacks]/" done in 14.83 μs
[21:30:21] [main/TRACE] [REI] [REIServerPlugin END] Reloading Section: "pre-register/DefaultRuntimePlugin of DefaultRuntimePlugin [roughlyenoughitems]/"
[21:30:21] [main/TRACE] [REI] [REIServerPlugin END] Reloading Section: "pre-register/DefaultRuntimePlugin of DefaultRuntimePlugin [roughlyenoughitems]/" done in 11.62 μs
[21:30:21] [main/TRACE] [REI] [REIServerPlugin END] Reloading Section: "pre-register/" done in 268.0 μs
[21:30:21] [main/TRACE] [REI] [REIServerPlugin END] Reloading Section: "pre-stage/"
[21:30:21] [main/TRACE] [REI] [REIServerPlugin END] Reloading Section: "pre-stage/MenuInfoRegistryImpl/"
[21:30:21] [main/TRACE] [REI] [REIServerPlugin END] Reloading Section: "pre-stage/MenuInfoRegistryImpl/" done in 11.20 μs
[21:30:21] [main/TRACE] [REI] [REIServerPlugin END] Reloading Section: "pre-stage/SlotAccessorRegistryImpl/"
[21:30:21] [main/TRACE] [REI] [REIServerPlugin END] Reloading Section: "pre-stage/SlotAccessorRegistryImpl/" done in 16.92 μs
[21:30:21] [main/TRACE] [REI] [REIServerPlugin END] Reloading Section: "pre-stage/" done in 99.25 μs
[21:30:21] [main/DEBUG] [REI] ========================================
[21:30:21] [main/DEBUG] [REI] REIServerPlugin finished pre-reload for END in 407.6 μs.
[21:30:21] [main/DEBUG] [REI] ========================================
[21:30:21] [main/INFO] [REI] @@@@@@@@@@@@@@@@@@@@@@@@@@@@@@@@@@@@@@@@
[21:30:21] [main/INFO] [REI] REIPlugin starting main-reload for END.
[21:30:21] [main/DEBUG] [REI] Reloadables (7):
[21:30:21] [main/DEBUG] [REI]  - EntryTypeRegistryImpl
[21:30:21] [main/DEBUG] [REI]  - EntrySettingsAdapterRegistryImpl
[21:30:21] [main/DEBUG] [REI]  - RecipeManagerContextImpl
[21:30:21] [main/DEBUG] [REI]  - ItemComparatorRegistryImpl
[21:30:21] [main/DEBUG] [REI]  - FluidComparatorRegistryImpl
[21:30:21] [main/DEBUG] [REI]  - DisplaySerializerRegistryImpl
[21:30:21] [main/DEBUG] [REI]  - FluidSupportProviderImpl
[21:30:21] [main/INFO] [REI] Plugins (6):
[21:30:21] [main/INFO] [REI]  - (-100.00) DefaultPlugin of DefaultPlugin [roughlyenoughitems]
[21:30:21] [main/INFO] [REI]  - (0.00) FabricFluidAPISupportPlugin
[21:30:21] [main/INFO] [REI]  - (0.00) REIServerCompat of REIServerCompat [sophisticatedstorage]
[21:30:21] [main/INFO] [REI]  - (0.00) REIServerCompat of REIServerCompat [sophisticatedcore]
[21:30:21] [main/INFO] [REI]  - (0.00) REIServerCompat of REIServerCompat [sophisticatedbackpacks]
[21:30:21] [main/INFO] [REI]  - (0.00) DefaultRuntimePlugin of DefaultRuntimePlugin [roughlyenoughitems]
[21:30:21] [main/INFO] [REI] @@@@@@@@@@@@@@@@@@@@@@@@@@@@@@@@@@@@@@@@
[21:30:21] [main/TRACE] [REI] [REIPlugin END] Reloading Section: "start-reload/"
[21:30:21] [main/TRACE] [REI] [REIPlugin END] Reloading Section: "start-reload/EntryTypeRegistryImpl/"
[21:30:21] [main/TRACE] [REI] [REIPlugin END] Reloading Section: "start-reload/EntryTypeRegistryImpl/" done in 14.51 μs
[21:30:21] [main/TRACE] [REI] [REIPlugin END] Reloading Section: "start-reload/EntrySettingsAdapterRegistryImpl/"
[21:30:21] [main/TRACE] [REI] [REIPlugin END] Reloading Section: "start-reload/EntrySettingsAdapterRegistryImpl/" done in 16.64 μs
[21:30:21] [main/TRACE] [REI] [REIPlugin END] Reloading Section: "start-reload/RecipeManagerContextImpl/"
[21:30:21] [main/TRACE] [REI] [REIPlugin END] Reloading Section: "start-reload/RecipeManagerContextImpl/" done in 9.360 μs
[21:30:21] [main/TRACE] [REI] [REIPlugin END] Reloading Section: "start-reload/ItemComparatorRegistryImpl/"
[21:30:21] [main/TRACE] [REI] [REIPlugin END] Reloading Section: "start-reload/ItemComparatorRegistryImpl/" done in 13.77 μs
[21:30:21] [main/TRACE] [REI] [REIPlugin END] Reloading Section: "start-reload/FluidComparatorRegistryImpl/"
[21:30:21] [main/TRACE] [REI] [REIPlugin END] Reloading Section: "start-reload/FluidComparatorRegistryImpl/" done in 9.000 μs
[21:30:21] [main/TRACE] [REI] [REIPlugin END] Reloading Section: "start-reload/DisplaySerializerRegistryImpl/"
[21:30:21] [main/TRACE] [REI] [REIPlugin END] Reloading Section: "start-reload/DisplaySerializerRegistryImpl/" done in 11.18 μs
[21:30:21] [main/TRACE] [REI] [REIPlugin END] Reloading Section: "start-reload/FluidSupportProviderImpl/"
[21:30:21] [main/TRACE] [REI] [REIPlugin END] Reloading Section: "start-reload/FluidSupportProviderImpl/" done in 8.729 μs
[21:30:21] [main/TRACE] [REI] [REIPlugin END] Reloading Section: "start-reload/" done in 290.6 μs
[21:30:21] [main/DEBUG] [REI] ========================================
[21:30:21] [main/DEBUG] [REI] REIPlugin started main-reload for END.
[21:30:21] [main/DEBUG] [REI] ========================================
[21:30:21] [main/TRACE] [REI] [REIPlugin END] Reloading Section: "reloadable-plugin/EntryTypeRegistryImpl/"
[21:30:21] [main/TRACE] [REI] [REIPlugin END] Reloading Section: "reloadable-plugin/EntryTypeRegistryImpl/DefaultPlugin of DefaultPlugin [roughlyenoughitems]/"
[21:30:21] [main/TRACE] [REI] [REIPlugin END] Reloading Section: "reloadable-plugin/EntryTypeRegistryImpl/DefaultPlugin of DefaultPlugin [roughlyenoughitems]/" done in 32.28 μs
[21:30:21] [main/TRACE] [REI] [REIPlugin END] Reloading Section: "reloadable-plugin/EntryTypeRegistryImpl/FabricFluidAPISupportPlugin/"
[21:30:21] [main/TRACE] [REI] [REIPlugin END] Reloading Section: "reloadable-plugin/EntryTypeRegistryImpl/FabricFluidAPISupportPlugin/" done in 21.49 μs
[21:30:21] [main/TRACE] [REI] [REIPlugin END] Reloading Section: "reloadable-plugin/EntryTypeRegistryImpl/REIServerCompat of REIServerCompat [sophisticatedstorage]/"
[21:30:21] [main/TRACE] [REI] [REIPlugin END] Reloading Section: "reloadable-plugin/EntryTypeRegistryImpl/REIServerCompat of REIServerCompat [sophisticatedstorage]/" done in 13.52 μs
[21:30:21] [main/TRACE] [REI] [REIPlugin END] Reloading Section: "reloadable-plugin/EntryTypeRegistryImpl/REIServerCompat of REIServerCompat [sophisticatedcore]/"
[21:30:21] [main/TRACE] [REI] [REIPlugin END] Reloading Section: "reloadable-plugin/EntryTypeRegistryImpl/REIServerCompat of REIServerCompat [sophisticatedcore]/" done in 14.13 μs
[21:30:21] [main/TRACE] [REI] [REIPlugin END] Reloading Section: "reloadable-plugin/EntryTypeRegistryImpl/REIServerCompat of REIServerCompat [sophisticatedbackpacks]/"
[21:30:21] [main/TRACE] [REI] [REIPlugin END] Reloading Section: "reloadable-plugin/EntryTypeRegistryImpl/REIServerCompat of REIServerCompat [sophisticatedbackpacks]/" done in 12.14 μs
[21:30:21] [main/TRACE] [REI] [REIPlugin END] Reloading Section: "reloadable-plugin/EntryTypeRegistryImpl/DefaultRuntimePlugin of DefaultRuntimePlugin [roughlyenoughitems]/"
[21:30:21] [main/TRACE] [REI] [REIPlugin END] Reloading Section: "reloadable-plugin/EntryTypeRegistryImpl/DefaultRuntimePlugin of DefaultRuntimePlugin [roughlyenoughitems]/" done in 18.66 μs
[21:30:21] [main/TRACE] [REI] [REIPlugin END] Reloading Section: "reloadable-plugin/EntryTypeRegistryImpl/" done in 320.0 μs
[21:30:21] [main/TRACE] [REI] [REIPlugin END] Reloading Section: "reloadable-plugin/EntrySettingsAdapterRegistryImpl/"
[21:30:21] [main/TRACE] [REI] [REIPlugin END] Reloading Section: "reloadable-plugin/EntrySettingsAdapterRegistryImpl/DefaultPlugin of DefaultPlugin [roughlyenoughitems]/"
[21:30:21] [main/TRACE] [REI] [REIPlugin END] Reloading Section: "reloadable-plugin/EntrySettingsAdapterRegistryImpl/DefaultPlugin of DefaultPlugin [roughlyenoughitems]/" done in 21.89 μs
[21:30:21] [main/TRACE] [REI] [REIPlugin END] Reloading Section: "reloadable-plugin/EntrySettingsAdapterRegistryImpl/FabricFluidAPISupportPlugin/"
[21:30:21] [main/TRACE] [REI] [REIPlugin END] Reloading Section: "reloadable-plugin/EntrySettingsAdapterRegistryImpl/FabricFluidAPISupportPlugin/" done in 12.16 μs
[21:30:21] [main/TRACE] [REI] [REIPlugin END] Reloading Section: "reloadable-plugin/EntrySettingsAdapterRegistryImpl/REIServerCompat of REIServerCompat [sophisticatedstorage]/"
[21:30:21] [main/TRACE] [REI] [REIPlugin END] Reloading Section: "reloadable-plugin/EntrySettingsAdapterRegistryImpl/REIServerCompat of REIServerCompat [sophisticatedstorage]/" done in 11.49 μs
[21:30:21] [main/TRACE] [REI] [REIPlugin END] Reloading Section: "reloadable-plugin/EntrySettingsAdapterRegistryImpl/REIServerCompat of REIServerCompat [sophisticatedcore]/"
[21:30:21] [main/TRACE] [REI] [REIPlugin END] Reloading Section: "reloadable-plugin/EntrySettingsAdapterRegistryImpl/REIServerCompat of REIServerCompat [sophisticatedcore]/" done in 15.27 μs
[21:30:21] [main/TRACE] [REI] [REIPlugin END] Reloading Section: "reloadable-plugin/EntrySettingsAdapterRegistryImpl/REIServerCompat of REIServerCompat [sophisticatedbackpacks]/"
[21:30:21] [main/TRACE] [REI] [REIPlugin END] Reloading Section: "reloadable-plugin/EntrySettingsAdapterRegistryImpl/REIServerCompat of REIServerCompat [sophisticatedbackpacks]/" done in 12.67 μs
[21:30:21] [main/TRACE] [REI] [REIPlugin END] Reloading Section: "reloadable-plugin/EntrySettingsAdapterRegistryImpl/DefaultRuntimePlugin of DefaultRuntimePlugin [roughlyenoughitems]/"
[21:30:21] [main/TRACE] [REI] [REIPlugin END] Reloading Section: "reloadable-plugin/EntrySettingsAdapterRegistryImpl/DefaultRuntimePlugin of DefaultRuntimePlugin [roughlyenoughitems]/" done in 12.28 μs
[21:30:21] [main/TRACE] [REI] [REIPlugin END] Reloading Section: "reloadable-plugin/EntrySettingsAdapterRegistryImpl/" done in 265.8 μs
[21:30:21] [main/TRACE] [REI] [REIPlugin END] Reloading Section: "reloadable-plugin/RecipeManagerContextImpl/"
[21:30:21] [main/TRACE] [REI] [REIPlugin END] Reloading Section: "reloadable-plugin/RecipeManagerContextImpl/DefaultPlugin of DefaultPlugin [roughlyenoughitems]/"
[21:30:21] [main/TRACE] [REI] [REIPlugin END] Reloading Section: "reloadable-plugin/RecipeManagerContextImpl/DefaultPlugin of DefaultPlugin [roughlyenoughitems]/" done in 18.14 μs
[21:30:21] [main/TRACE] [REI] [REIPlugin END] Reloading Section: "reloadable-plugin/RecipeManagerContextImpl/FabricFluidAPISupportPlugin/"
[21:30:21] [main/TRACE] [REI] [REIPlugin END] Reloading Section: "reloadable-plugin/RecipeManagerContextImpl/FabricFluidAPISupportPlugin/" done in 12.54 μs
[21:30:21] [main/TRACE] [REI] [REIPlugin END] Reloading Section: "reloadable-plugin/RecipeManagerContextImpl/REIServerCompat of REIServerCompat [sophisticatedstorage]/"
[21:30:21] [main/TRACE] [REI] [REIPlugin END] Reloading Section: "reloadable-plugin/RecipeManagerContextImpl/REIServerCompat of REIServerCompat [sophisticatedstorage]/" done in 17.27 μs
[21:30:21] [main/TRACE] [REI] [REIPlugin END] Reloading Section: "reloadable-plugin/RecipeManagerContextImpl/REIServerCompat of REIServerCompat [sophisticatedcore]/"
[21:30:21] [main/TRACE] [REI] [REIPlugin END] Reloading Section: "reloadable-plugin/RecipeManagerContextImpl/REIServerCompat of REIServerCompat [sophisticatedcore]/" done in 26.16 μs
[21:30:21] [main/TRACE] [REI] [REIPlugin END] Reloading Section: "reloadable-plugin/RecipeManagerContextImpl/REIServerCompat of REIServerCompat [sophisticatedbackpacks]/"
[21:30:21] [main/TRACE] [REI] [REIPlugin END] Reloading Section: "reloadable-plugin/RecipeManagerContextImpl/REIServerCompat of REIServerCompat [sophisticatedbackpacks]/" done in 11.88 μs
[21:30:21] [main/TRACE] [REI] [REIPlugin END] Reloading Section: "reloadable-plugin/RecipeManagerContextImpl/DefaultRuntimePlugin of DefaultRuntimePlugin [roughlyenoughitems]/"
[21:30:21] [main/TRACE] [REI] [REIPlugin END] Reloading Section: "reloadable-plugin/RecipeManagerContextImpl/DefaultRuntimePlugin of DefaultRuntimePlugin [roughlyenoughitems]/" done in 15.82 μs
[21:30:21] [main/TRACE] [REI] [REIPlugin END] Reloading Section: "reloadable-plugin/RecipeManagerContextImpl/" done in 282.9 μs
[21:30:21] [main/TRACE] [REI] [REIPlugin END] Reloading Section: "reloadable-plugin/ItemComparatorRegistryImpl/"
[21:30:21] [main/TRACE] [REI] [REIPlugin END] Reloading Section: "reloadable-plugin/ItemComparatorRegistryImpl/DefaultPlugin of DefaultPlugin [roughlyenoughitems]/"
[21:30:21] [main/TRACE] [REI] [REIPlugin END] Reloading Section: "reloadable-plugin/ItemComparatorRegistryImpl/DefaultPlugin of DefaultPlugin [roughlyenoughitems]/" done in 16.44 μs
[21:30:21] [main/TRACE] [REI] [REIPlugin END] Reloading Section: "reloadable-plugin/ItemComparatorRegistryImpl/FabricFluidAPISupportPlugin/"
[21:30:21] [main/TRACE] [REI] [REIPlugin END] Reloading Section: "reloadable-plugin/ItemComparatorRegistryImpl/FabricFluidAPISupportPlugin/" done in 12.36 μs
[21:30:21] [main/TRACE] [REI] [REIPlugin END] Reloading Section: "reloadable-plugin/ItemComparatorRegistryImpl/REIServerCompat of REIServerCompat [sophisticatedstorage]/"
[21:30:21] [main/TRACE] [REI] [REIPlugin END] Reloading Section: "reloadable-plugin/ItemComparatorRegistryImpl/REIServerCompat of REIServerCompat [sophisticatedstorage]/" done in 12.58 μs
[21:30:21] [main/TRACE] [REI] [REIPlugin END] Reloading Section: "reloadable-plugin/ItemComparatorRegistryImpl/REIServerCompat of REIServerCompat [sophisticatedcore]/"
[21:30:21] [main/TRACE] [REI] [REIPlugin END] Reloading Section: "reloadable-plugin/ItemComparatorRegistryImpl/REIServerCompat of REIServerCompat [sophisticatedcore]/" done in 16.84 μs
[21:30:21] [main/TRACE] [REI] [REIPlugin END] Reloading Section: "reloadable-plugin/ItemComparatorRegistryImpl/REIServerCompat of REIServerCompat [sophisticatedbackpacks]/"
[21:30:21] [main/TRACE] [REI] [REIPlugin END] Reloading Section: "reloadable-plugin/ItemComparatorRegistryImpl/REIServerCompat of REIServerCompat [sophisticatedbackpacks]/" done in 16.36 μs
[21:30:21] [main/TRACE] [REI] [REIPlugin END] Reloading Section: "reloadable-plugin/ItemComparatorRegistryImpl/DefaultRuntimePlugin of DefaultRuntimePlugin [roughlyenoughitems]/"
[21:30:21] [main/TRACE] [REI] [REIPlugin END] Reloading Section: "reloadable-plugin/ItemComparatorRegistryImpl/DefaultRuntimePlugin of DefaultRuntimePlugin [roughlyenoughitems]/" done in 17.51 μs
[21:30:21] [main/TRACE] [REI] [REIPlugin END] Reloading Section: "reloadable-plugin/ItemComparatorRegistryImpl/" done in 287.8 μs
[21:30:21] [main/TRACE] [REI] [REIPlugin END] Reloading Section: "reloadable-plugin/FluidComparatorRegistryImpl/"
[21:30:21] [main/TRACE] [REI] [REIPlugin END] Reloading Section: "reloadable-plugin/FluidComparatorRegistryImpl/DefaultPlugin of DefaultPlugin [roughlyenoughitems]/"
[21:30:21] [main/TRACE] [REI] [REIPlugin END] Reloading Section: "reloadable-plugin/FluidComparatorRegistryImpl/DefaultPlugin of DefaultPlugin [roughlyenoughitems]/" done in 15.73 μs
[21:30:21] [main/TRACE] [REI] [REIPlugin END] Reloading Section: "reloadable-plugin/FluidComparatorRegistryImpl/FabricFluidAPISupportPlugin/"
[21:30:21] [main/TRACE] [REI] [REIPlugin END] Reloading Section: "reloadable-plugin/FluidComparatorRegistryImpl/FabricFluidAPISupportPlugin/" done in 27.54 μs
[21:30:21] [main/TRACE] [REI] [REIPlugin END] Reloading Section: "reloadable-plugin/FluidComparatorRegistryImpl/REIServerCompat of REIServerCompat [sophisticatedstorage]/"
[21:30:21] [main/TRACE] [REI] [REIPlugin END] Reloading Section: "reloadable-plugin/FluidComparatorRegistryImpl/REIServerCompat of REIServerCompat [sophisticatedstorage]/" done in 16.53 μs
[21:30:21] [main/TRACE] [REI] [REIPlugin END] Reloading Section: "reloadable-plugin/FluidComparatorRegistryImpl/REIServerCompat of REIServerCompat [sophisticatedcore]/"
[21:30:21] [main/TRACE] [REI] [REIPlugin END] Reloading Section: "reloadable-plugin/FluidComparatorRegistryImpl/REIServerCompat of REIServerCompat [sophisticatedcore]/" done in 23.01 μs
[21:30:21] [main/TRACE] [REI] [REIPlugin END] Reloading Section: "reloadable-plugin/FluidComparatorRegistryImpl/REIServerCompat of REIServerCompat [sophisticatedbackpacks]/"
[21:30:21] [main/TRACE] [REI] [REIPlugin END] Reloading Section: "reloadable-plugin/FluidComparatorRegistryImpl/REIServerCompat of REIServerCompat [sophisticatedbackpacks]/" done in 17.85 μs
[21:30:21] [main/TRACE] [REI] [REIPlugin END] Reloading Section: "reloadable-plugin/FluidComparatorRegistryImpl/DefaultRuntimePlugin of DefaultRuntimePlugin [roughlyenoughitems]/"
[21:30:21] [main/TRACE] [REI] [REIPlugin END] Reloading Section: "reloadable-plugin/FluidComparatorRegistryImpl/DefaultRuntimePlugin of DefaultRuntimePlugin [roughlyenoughitems]/" done in 15.95 μs
[21:30:21] [main/TRACE] [REI] [REIPlugin END] Reloading Section: "reloadable-plugin/FluidComparatorRegistryImpl/" done in 303.0 μs
[21:30:21] [main/TRACE] [REI] [REIPlugin END] Reloading Section: "reloadable-plugin/DisplaySerializerRegistryImpl/"
[21:30:21] [main/TRACE] [REI] [REIPlugin END] Reloading Section: "reloadable-plugin/DisplaySerializerRegistryImpl/DefaultPlugin of DefaultPlugin [roughlyenoughitems]/"
[21:30:21] [main/TRACE] [REI] [REIPlugin END] Reloading Section: "reloadable-plugin/DisplaySerializerRegistryImpl/DefaultPlugin of DefaultPlugin [roughlyenoughitems]/" done in 16.53 ms
[21:30:21] [main/TRACE] [REI] [REIPlugin END] Reloading Section: "reloadable-plugin/DisplaySerializerRegistryImpl/FabricFluidAPISupportPlugin/"
[21:30:21] [main/TRACE] [REI] [REIPlugin END] Reloading Section: "reloadable-plugin/DisplaySerializerRegistryImpl/FabricFluidAPISupportPlugin/" done in 25.96 μs
[21:30:21] [main/TRACE] [REI] [REIPlugin END] Reloading Section: "reloadable-plugin/DisplaySerializerRegistryImpl/REIServerCompat of REIServerCompat [sophisticatedstorage]/"
[21:30:21] [main/TRACE] [REI] [REIPlugin END] Reloading Section: "reloadable-plugin/DisplaySerializerRegistryImpl/REIServerCompat of REIServerCompat [sophisticatedstorage]/" done in 17.37 μs
[21:30:21] [main/TRACE] [REI] [REIPlugin END] Reloading Section: "reloadable-plugin/DisplaySerializerRegistryImpl/REIServerCompat of REIServerCompat [sophisticatedcore]/"
[21:30:21] [main/TRACE] [REI] [REIPlugin END] Reloading Section: "reloadable-plugin/DisplaySerializerRegistryImpl/REIServerCompat of REIServerCompat [sophisticatedcore]/" done in 13.11 μs
[21:30:21] [main/TRACE] [REI] [REIPlugin END] Reloading Section: "reloadable-plugin/DisplaySerializerRegistryImpl/REIServerCompat of REIServerCompat [sophisticatedbackpacks]/"
[21:30:21] [main/TRACE] [REI] [REIPlugin END] Reloading Section: "reloadable-plugin/DisplaySerializerRegistryImpl/REIServerCompat of REIServerCompat [sophisticatedbackpacks]/" done in 13.79 μs
[21:30:21] [main/TRACE] [REI] [REIPlugin END] Reloading Section: "reloadable-plugin/DisplaySerializerRegistryImpl/DefaultRuntimePlugin of DefaultRuntimePlugin [roughlyenoughitems]/"
[21:30:21] [main/TRACE] [REI] [REIPlugin END] Reloading Section: "reloadable-plugin/DisplaySerializerRegistryImpl/DefaultRuntimePlugin of DefaultRuntimePlugin [roughlyenoughitems]/" done in 12.00 μs
[21:30:21] [main/TRACE] [REI] [REIPlugin END] Reloading Section: "reloadable-plugin/DisplaySerializerRegistryImpl/" done in 16.90 ms
[21:30:21] [main/TRACE] [REI] [REIPlugin END] Reloading Section: "reloadable-plugin/FluidSupportProviderImpl/"
[21:30:21] [main/TRACE] [REI] [REIPlugin END] Reloading Section: "reloadable-plugin/FluidSupportProviderImpl/DefaultPlugin of DefaultPlugin [roughlyenoughitems]/"
[21:30:21] [main/TRACE] [REI] [REIPlugin END] Reloading Section: "reloadable-plugin/FluidSupportProviderImpl/DefaultPlugin of DefaultPlugin [roughlyenoughitems]/" done in 12.80 μs
[21:30:21] [main/TRACE] [REI] [REIPlugin END] Reloading Section: "reloadable-plugin/FluidSupportProviderImpl/FabricFluidAPISupportPlugin/"
[21:30:21] [main/TRACE] [REI] [REIPlugin END] Reloading Section: "reloadable-plugin/FluidSupportProviderImpl/FabricFluidAPISupportPlugin/" done in 14.60 μs
[21:30:21] [main/TRACE] [REI] [REIPlugin END] Reloading Section: "reloadable-plugin/FluidSupportProviderImpl/REIServerCompat of REIServerCompat [sophisticatedstorage]/"
[21:30:21] [main/TRACE] [REI] [REIPlugin END] Reloading Section: "reloadable-plugin/FluidSupportProviderImpl/REIServerCompat of REIServerCompat [sophisticatedstorage]/" done in 12.99 μs
[21:30:21] [main/TRACE] [REI] [REIPlugin END] Reloading Section: "reloadable-plugin/FluidSupportProviderImpl/REIServerCompat of REIServerCompat [sophisticatedcore]/"
[21:30:21] [main/TRACE] [REI] [REIPlugin END] Reloading Section: "reloadable-plugin/FluidSupportProviderImpl/REIServerCompat of REIServerCompat [sophisticatedcore]/" done in 12.31 μs
[21:30:21] [main/TRACE] [REI] [REIPlugin END] Reloading Section: "reloadable-plugin/FluidSupportProviderImpl/REIServerCompat of REIServerCompat [sophisticatedbackpacks]/"
[21:30:21] [main/TRACE] [REI] [REIPlugin END] Reloading Section: "reloadable-plugin/FluidSupportProviderImpl/REIServerCompat of REIServerCompat [sophisticatedbackpacks]/" done in 13.45 μs
[21:30:21] [main/TRACE] [REI] [REIPlugin END] Reloading Section: "reloadable-plugin/FluidSupportProviderImpl/DefaultRuntimePlugin of DefaultRuntimePlugin [roughlyenoughitems]/"
[21:30:21] [main/TRACE] [REI] [REIPlugin END] Reloading Section: "reloadable-plugin/FluidSupportProviderImpl/DefaultRuntimePlugin of DefaultRuntimePlugin [roughlyenoughitems]/" done in 12.81 μs
[21:30:21] [main/TRACE] [REI] [REIPlugin END] Reloading Section: "reloadable-plugin/FluidSupportProviderImpl/" done in 249.3 μs
[21:30:21] [main/DEBUG] [REI] ========================================
[21:30:21] [main/DEBUG] [REI] REIPlugin ending main-reload for END.
[21:30:21] [main/DEBUG] [REI] ========================================
[21:30:21] [main/TRACE] [REI] [REIPlugin END] Reloading Section: "end-reload/"
[21:30:21] [main/TRACE] [REI] [REIPlugin END] Reloading Section: "end-reload/EntryTypeRegistryImpl/"
[21:30:21] [main/TRACE] [REI] [REIPlugin END] Reloading Section: "end-reload/EntryTypeRegistryImpl/" done in 13.54 μs
[21:30:21] [main/TRACE] [REI] [REIPlugin END] Reloading Section: "end-reload/EntrySettingsAdapterRegistryImpl/"
[21:30:21] [main/TRACE] [REI] [REIPlugin END] Reloading Section: "end-reload/EntrySettingsAdapterRegistryImpl/" done in 9.719 μs
[21:30:21] [main/TRACE] [REI] [REIPlugin END] Reloading Section: "end-reload/RecipeManagerContextImpl/"
[21:30:21] [main/TRACE] [REI] [REIPlugin END] Reloading Section: "end-reload/RecipeManagerContextImpl/" done in 12.23 μs
[21:30:21] [main/TRACE] [REI] [REIPlugin END] Reloading Section: "end-reload/ItemComparatorRegistryImpl/"
[21:30:21] [main/TRACE] [REI] [REIPlugin END] Reloading Section: "end-reload/ItemComparatorRegistryImpl/" done in 13.25 μs
[21:30:21] [main/TRACE] [REI] [REIPlugin END] Reloading Section: "end-reload/FluidComparatorRegistryImpl/"
[21:30:21] [main/TRACE] [REI] [REIPlugin END] Reloading Section: "end-reload/FluidComparatorRegistryImpl/" done in 12.88 μs
[21:30:21] [main/TRACE] [REI] [REIPlugin END] Reloading Section: "end-reload/DisplaySerializerRegistryImpl/"
[21:30:21] [main/TRACE] [REI] [REIPlugin END] Reloading Section: "end-reload/DisplaySerializerRegistryImpl/" done in 22.13 μs
[21:30:21] [main/TRACE] [REI] [REIPlugin END] Reloading Section: "end-reload/FluidSupportProviderImpl/"
[21:30:21] [main/TRACE] [REI] [REIPlugin END] Reloading Section: "end-reload/FluidSupportProviderImpl/" done in 18.06 μs
[21:30:21] [main/TRACE] [REI] [REIPlugin END] Reloading Section: "end-reload/" done in 321.8 μs
[21:30:21] [main/DEBUG] [REI] ========================================
[21:30:21] [main/DEBUG] [REI] REIPlugin ended main-reload for END in 20.32 ms.
[21:30:21] [main/DEBUG] [REI] ========================================
[21:30:21] [main/INFO] [REI] ++++++++++++++++++++++++++++++++++++++++
[21:30:21] [main/INFO] [REI] REIServerPlugin starting main-reload for END.
[21:30:21] [main/DEBUG] [REI] Reloadables (2):
[21:30:21] [main/DEBUG] [REI]  - MenuInfoRegistryImpl
[21:30:21] [main/DEBUG] [REI]  - SlotAccessorRegistryImpl
[21:30:21] [main/INFO] [REI] Plugins (6):
[21:30:21] [main/INFO] [REI]  - (-100.00) DefaultPlugin of DefaultPlugin [roughlyenoughitems]
[21:30:21] [main/INFO] [REI]  - (0.00) FabricFluidAPISupportPlugin
[21:30:21] [main/INFO] [REI]  - (0.00) REIServerCompat of REIServerCompat [sophisticatedstorage]
[21:30:21] [main/INFO] [REI]  - (0.00) REIServerCompat of REIServerCompat [sophisticatedcore]
[21:30:21] [main/INFO] [REI]  - (0.00) REIServerCompat of REIServerCompat [sophisticatedbackpacks]
[21:30:21] [main/INFO] [REI]  - (0.00) DefaultRuntimePlugin of DefaultRuntimePlugin [roughlyenoughitems]
[21:30:21] [main/INFO] [REI] ++++++++++++++++++++++++++++++++++++++++
[21:30:21] [main/TRACE] [REI] [REIServerPlugin END] Reloading Section: "start-reload/"
[21:30:21] [main/TRACE] [REI] [REIServerPlugin END] Reloading Section: "start-reload/MenuInfoRegistryImpl/"
[21:30:21] [main/TRACE] [REI] [REIServerPlugin END] Reloading Section: "start-reload/MenuInfoRegistryImpl/" done in 18.63 μs
[21:30:21] [main/TRACE] [REI] [REIServerPlugin END] Reloading Section: "start-reload/SlotAccessorRegistryImpl/"
[21:30:21] [main/TRACE] [REI] [REIServerPlugin END] Reloading Section: "start-reload/SlotAccessorRegistryImpl/" done in 14.97 μs
[21:30:21] [main/TRACE] [REI] [REIServerPlugin END] Reloading Section: "start-reload/" done in 128.6 μs
[21:30:21] [main/DEBUG] [REI] ========================================
[21:30:21] [main/DEBUG] [REI] REIServerPlugin started main-reload for END.
[21:30:21] [main/DEBUG] [REI] ========================================
[21:30:21] [main/TRACE] [REI] [REIServerPlugin END] Reloading Section: "reloadable-plugin/MenuInfoRegistryImpl/"
[21:30:21] [main/TRACE] [REI] [REIServerPlugin END] Reloading Section: "reloadable-plugin/MenuInfoRegistryImpl/DefaultPlugin of DefaultPlugin [roughlyenoughitems]/"
[21:30:21] [main/TRACE] [REI] [REIServerPlugin END] Reloading Section: "reloadable-plugin/MenuInfoRegistryImpl/DefaultPlugin of DefaultPlugin [roughlyenoughitems]/" done in 18.86 μs
[21:30:21] [main/TRACE] [REI] [REIServerPlugin END] Reloading Section: "reloadable-plugin/MenuInfoRegistryImpl/FabricFluidAPISupportPlugin/"
[21:30:21] [main/TRACE] [REI] [REIServerPlugin END] Reloading Section: "reloadable-plugin/MenuInfoRegistryImpl/FabricFluidAPISupportPlugin/" done in 10.47 μs
[21:30:21] [main/TRACE] [REI] [REIServerPlugin END] Reloading Section: "reloadable-plugin/MenuInfoRegistryImpl/REIServerCompat of REIServerCompat [sophisticatedstorage]/"
[21:30:21] [main/TRACE] [REI] [REIServerPlugin END] Reloading Section: "reloadable-plugin/MenuInfoRegistryImpl/REIServerCompat of REIServerCompat [sophisticatedstorage]/" done in 12.62 μs
[21:30:21] [main/TRACE] [REI] [REIServerPlugin END] Reloading Section: "reloadable-plugin/MenuInfoRegistryImpl/REIServerCompat of REIServerCompat [sophisticatedcore]/"
[21:30:21] [main/TRACE] [REI] [REIServerPlugin END] Reloading Section: "reloadable-plugin/MenuInfoRegistryImpl/REIServerCompat of REIServerCompat [sophisticatedcore]/" done in 19.91 μs
[21:30:21] [main/TRACE] [REI] [REIServerPlugin END] Reloading Section: "reloadable-plugin/MenuInfoRegistryImpl/REIServerCompat of REIServerCompat [sophisticatedbackpacks]/"
[21:30:21] [main/TRACE] [REI] [REIServerPlugin END] Reloading Section: "reloadable-plugin/MenuInfoRegistryImpl/REIServerCompat of REIServerCompat [sophisticatedbackpacks]/" done in 21.51 μs
[21:30:21] [main/TRACE] [REI] [REIServerPlugin END] Reloading Section: "reloadable-plugin/MenuInfoRegistryImpl/DefaultRuntimePlugin of DefaultRuntimePlugin [roughlyenoughitems]/"
[21:30:21] [main/TRACE] [REI] [REIServerPlugin END] Reloading Section: "reloadable-plugin/MenuInfoRegistryImpl/DefaultRuntimePlugin of DefaultRuntimePlugin [roughlyenoughitems]/" done in 21.68 μs
[21:30:21] [main/TRACE] [REI] [REIServerPlugin END] Reloading Section: "reloadable-plugin/MenuInfoRegistryImpl/" done in 296.3 μs
[21:30:21] [main/TRACE] [REI] [REIServerPlugin END] Reloading Section: "reloadable-plugin/SlotAccessorRegistryImpl/"
[21:30:21] [main/TRACE] [REI] [REIServerPlugin END] Reloading Section: "reloadable-plugin/SlotAccessorRegistryImpl/DefaultPlugin of DefaultPlugin [roughlyenoughitems]/"
[21:30:21] [main/TRACE] [REI] [REIServerPlugin END] Reloading Section: "reloadable-plugin/SlotAccessorRegistryImpl/DefaultPlugin of DefaultPlugin [roughlyenoughitems]/" done in 17.21 μs
[21:30:21] [main/TRACE] [REI] [REIServerPlugin END] Reloading Section: "reloadable-plugin/SlotAccessorRegistryImpl/FabricFluidAPISupportPlugin/"
[21:30:21] [main/TRACE] [REI] [REIServerPlugin END] Reloading Section: "reloadable-plugin/SlotAccessorRegistryImpl/FabricFluidAPISupportPlugin/" done in 12.63 μs
[21:30:21] [main/TRACE] [REI] [REIServerPlugin END] Reloading Section: "reloadable-plugin/SlotAccessorRegistryImpl/REIServerCompat of REIServerCompat [sophisticatedstorage]/"
[21:30:21] [main/TRACE] [REI] [REIServerPlugin END] Reloading Section: "reloadable-plugin/SlotAccessorRegistryImpl/REIServerCompat of REIServerCompat [sophisticatedstorage]/" done in 11.04 μs
[21:30:21] [main/TRACE] [REI] [REIServerPlugin END] Reloading Section: "reloadable-plugin/SlotAccessorRegistryImpl/REIServerCompat of REIServerCompat [sophisticatedcore]/"
[21:30:21] [main/DEBUG] [REI] Added slot accessor serializer: net.p3pp3rf1y.sophisticatedcore.compat.rei.REIServerCompat$1@76ae0965 [sophisticatedcore:storage]
[21:30:21] [main/TRACE] [REI] [REIServerPlugin END] Reloading Section: "reloadable-plugin/SlotAccessorRegistryImpl/REIServerCompat of REIServerCompat [sophisticatedcore]/" done in 923.6 μs
[21:30:21] [main/TRACE] [REI] [REIServerPlugin END] Reloading Section: "reloadable-plugin/SlotAccessorRegistryImpl/REIServerCompat of REIServerCompat [sophisticatedbackpacks]/"
[21:30:21] [main/TRACE] [REI] [REIServerPlugin END] Reloading Section: "reloadable-plugin/SlotAccessorRegistryImpl/REIServerCompat of REIServerCompat [sophisticatedbackpacks]/" done in 20.95 μs
[21:30:21] [main/TRACE] [REI] [REIServerPlugin END] Reloading Section: "reloadable-plugin/SlotAccessorRegistryImpl/DefaultRuntimePlugin of DefaultRuntimePlugin [roughlyenoughitems]/"
[21:30:21] [main/DEBUG] [REI] Added slot accessor serializer: me.shedaniel.rei.plugin.common.runtime.DefaultRuntimePlugin$1@58830ccc [roughlyenoughitems:vanilla]
[21:30:21] [main/DEBUG] [REI] Added slot accessor serializer: me.shedaniel.rei.plugin.common.runtime.DefaultRuntimePlugin$2@1072e194 [roughlyenoughitems:player]
[21:30:21] [main/TRACE] [REI] [REIServerPlugin END] Reloading Section: "reloadable-plugin/SlotAccessorRegistryImpl/DefaultRuntimePlugin of DefaultRuntimePlugin [roughlyenoughitems]/" done in 631.1 μs
[21:30:21] [main/TRACE] [REI] [REIServerPlugin END] Reloading Section: "reloadable-plugin/SlotAccessorRegistryImpl/" done in 1.817 ms
[21:30:21] [main/DEBUG] [REI] ========================================
[21:30:21] [main/DEBUG] [REI] REIServerPlugin ending main-reload for END.
[21:30:21] [main/DEBUG] [REI] ========================================
[21:30:21] [main/TRACE] [REI] [REIServerPlugin END] Reloading Section: "end-reload/"
[21:30:21] [main/TRACE] [REI] [REIServerPlugin END] Reloading Section: "end-reload/MenuInfoRegistryImpl/"
[21:30:21] [main/DEBUG] [REI] Registered 0 menu infos
[21:30:21] [main/TRACE] [REI] [REIServerPlugin END] Reloading Section: "end-reload/MenuInfoRegistryImpl/" done in 43.94 μs
[21:30:21] [main/TRACE] [REI] [REIServerPlugin END] Reloading Section: "end-reload/SlotAccessorRegistryImpl/"
[21:30:21] [main/DEBUG] [REI] Registered 3 slot accessor serializers
[21:30:21] [main/TRACE] [REI] [REIServerPlugin END] Reloading Section: "end-reload/SlotAccessorRegistryImpl/" done in 33.35 μs
[21:30:21] [main/TRACE] [REI] [REIServerPlugin END] Reloading Section: "end-reload/" done in 146.2 μs
[21:30:21] [main/DEBUG] [REI] ========================================
[21:30:21] [main/DEBUG] [REI] REIServerPlugin ended main-reload for END in 3.298 ms.
[21:30:21] [main/DEBUG] [REI] ========================================
[21:30:21] [main/DEBUG] [REI] ========================================
[21:30:21] [main/DEBUG] [REI] REIPlugin starting post-reload for END.
[21:30:21] [main/DEBUG] [REI] Reloadables (7):
[21:30:21] [main/DEBUG] [REI]  - EntryTypeRegistryImpl
[21:30:21] [main/DEBUG] [REI]  - EntrySettingsAdapterRegistryImpl
[21:30:21] [main/DEBUG] [REI]  - RecipeManagerContextImpl
[21:30:21] [main/DEBUG] [REI]  - ItemComparatorRegistryImpl
[21:30:21] [main/DEBUG] [REI]  - FluidComparatorRegistryImpl
[21:30:21] [main/DEBUG] [REI]  - DisplaySerializerRegistryImpl
[21:30:21] [main/DEBUG] [REI]  - FluidSupportProviderImpl
[21:30:21] [main/DEBUG] [REI] Plugins (6):
[21:30:21] [main/DEBUG] [REI]  - (-100.00) DefaultPlugin of DefaultPlugin [roughlyenoughitems]
[21:30:21] [main/DEBUG] [REI]  - (0.00) FabricFluidAPISupportPlugin
[21:30:21] [main/DEBUG] [REI]  - (0.00) REIServerCompat of REIServerCompat [sophisticatedstorage]
[21:30:21] [main/DEBUG] [REI]  - (0.00) REIServerCompat of REIServerCompat [sophisticatedcore]
[21:30:21] [main/DEBUG] [REI]  - (0.00) REIServerCompat of REIServerCompat [sophisticatedbackpacks]
[21:30:21] [main/DEBUG] [REI]  - (0.00) DefaultRuntimePlugin of DefaultRuntimePlugin [roughlyenoughitems]
[21:30:21] [main/DEBUG] [REI] ========================================
[21:30:21] [main/TRACE] [REI] [REIPlugin END] Reloading Section: "post-register/"
[21:30:21] [main/TRACE] [REI] [REIPlugin END] Reloading Section: "post-register/DefaultPlugin of DefaultPlugin [roughlyenoughitems]/"
[21:30:21] [main/TRACE] [REI] [REIPlugin END] Reloading Section: "post-register/DefaultPlugin of DefaultPlugin [roughlyenoughitems]/" done in 11.97 μs
[21:30:21] [main/TRACE] [REI] [REIPlugin END] Reloading Section: "post-register/FabricFluidAPISupportPlugin/"
[21:30:21] [main/TRACE] [REI] [REIPlugin END] Reloading Section: "post-register/FabricFluidAPISupportPlugin/" done in 8.910 μs
[21:30:21] [main/TRACE] [REI] [REIPlugin END] Reloading Section: "post-register/REIServerCompat of REIServerCompat [sophisticatedstorage]/"
[21:30:21] [main/TRACE] [REI] [REIPlugin END] Reloading Section: "post-register/REIServerCompat of REIServerCompat [sophisticatedstorage]/" done in 9.660 μs
[21:30:21] [main/TRACE] [REI] [REIPlugin END] Reloading Section: "post-register/REIServerCompat of REIServerCompat [sophisticatedcore]/"
[21:30:21] [main/TRACE] [REI] [REIPlugin END] Reloading Section: "post-register/REIServerCompat of REIServerCompat [sophisticatedcore]/" done in 9.589 μs
[21:30:21] [main/TRACE] [REI] [REIPlugin END] Reloading Section: "post-register/REIServerCompat of REIServerCompat [sophisticatedbackpacks]/"
[21:30:21] [main/TRACE] [REI] [REIPlugin END] Reloading Section: "post-register/REIServerCompat of REIServerCompat [sophisticatedbackpacks]/" done in 9.270 μs
[21:30:21] [main/TRACE] [REI] [REIPlugin END] Reloading Section: "post-register/DefaultRuntimePlugin of DefaultRuntimePlugin [roughlyenoughitems]/"
[21:30:21] [main/TRACE] [REI] [REIPlugin END] Reloading Section: "post-register/DefaultRuntimePlugin of DefaultRuntimePlugin [roughlyenoughitems]/" done in 8.030 μs
[21:30:21] [main/TRACE] [REI] [REIPlugin END] Reloading Section: "post-register/" done in 180.7 μs
[21:30:21] [main/TRACE] [REI] [REIPlugin END] Reloading Section: "post-stage/"
[21:30:21] [main/TRACE] [REI] [REIPlugin END] Reloading Section: "post-stage/EntryTypeRegistryImpl/"
[21:30:21] [main/TRACE] [REI] [REIPlugin END] Reloading Section: "post-stage/EntryTypeRegistryImpl/" done in 9.499 μs
[21:30:21] [main/TRACE] [REI] [REIPlugin END] Reloading Section: "post-stage/EntrySettingsAdapterRegistryImpl/"
[21:30:21] [main/TRACE] [REI] [REIPlugin END] Reloading Section: "post-stage/EntrySettingsAdapterRegistryImpl/" done in 9.720 μs
[21:30:21] [main/TRACE] [REI] [REIPlugin END] Reloading Section: "post-stage/RecipeManagerContextImpl/"
[21:30:21] [main/TRACE] [REI] [REIPlugin END] Reloading Section: "post-stage/RecipeManagerContextImpl/" done in 12.11 μs
[21:30:21] [main/TRACE] [REI] [REIPlugin END] Reloading Section: "post-stage/ItemComparatorRegistryImpl/"
[21:30:21] [main/TRACE] [REI] [REIPlugin END] Reloading Section: "post-stage/ItemComparatorRegistryImpl/" done in 11.34 μs
[21:30:21] [main/TRACE] [REI] [REIPlugin END] Reloading Section: "post-stage/FluidComparatorRegistryImpl/"
[21:30:21] [main/TRACE] [REI] [REIPlugin END] Reloading Section: "post-stage/FluidComparatorRegistryImpl/" done in 10.57 μs
[21:30:21] [main/TRACE] [REI] [REIPlugin END] Reloading Section: "post-stage/DisplaySerializerRegistryImpl/"
[21:30:21] [main/TRACE] [REI] [REIPlugin END] Reloading Section: "post-stage/DisplaySerializerRegistryImpl/" done in 10.25 μs
[21:30:21] [main/TRACE] [REI] [REIPlugin END] Reloading Section: "post-stage/FluidSupportProviderImpl/"
[21:30:21] [main/TRACE] [REI] [REIPlugin END] Reloading Section: "post-stage/FluidSupportProviderImpl/" done in 13.25 μs
[21:30:21] [main/TRACE] [REI] [REIPlugin END] Reloading Section: "post-stage/" done in 251.1 μs
[21:30:21] [main/DEBUG] [REI] ========================================
[21:30:21] [main/INFO] [REI] REIPlugin finished post-reload for END in 473.6 μs, totaling 21.33 ms.
[21:30:21] [main/DEBUG] [REI] ========================================
[21:30:21] [main/DEBUG] [REI] ========================================
[21:30:21] [main/DEBUG] [REI] REIServerPlugin starting post-reload for END.
[21:30:21] [main/DEBUG] [REI] Reloadables (2):
[21:30:21] [main/DEBUG] [REI]  - MenuInfoRegistryImpl
[21:30:21] [main/DEBUG] [REI]  - SlotAccessorRegistryImpl
[21:30:21] [main/DEBUG] [REI] Plugins (6):
[21:30:21] [main/DEBUG] [REI]  - (-100.00) DefaultPlugin of DefaultPlugin [roughlyenoughitems]
[21:30:21] [main/DEBUG] [REI]  - (0.00) FabricFluidAPISupportPlugin
[21:30:21] [main/DEBUG] [REI]  - (0.00) REIServerCompat of REIServerCompat [sophisticatedstorage]
[21:30:21] [main/DEBUG] [REI]  - (0.00) REIServerCompat of REIServerCompat [sophisticatedcore]
[21:30:21] [main/DEBUG] [REI]  - (0.00) REIServerCompat of REIServerCompat [sophisticatedbackpacks]
[21:30:21] [main/DEBUG] [REI]  - (0.00) DefaultRuntimePlugin of DefaultRuntimePlugin [roughlyenoughitems]
[21:30:21] [main/DEBUG] [REI] ========================================
[21:30:21] [main/TRACE] [REI] [REIServerPlugin END] Reloading Section: "post-register/"
[21:30:21] [main/TRACE] [REI] [REIServerPlugin END] Reloading Section: "post-register/DefaultPlugin of DefaultPlugin [roughlyenoughitems]/"
[21:30:21] [main/TRACE] [REI] [REIServerPlugin END] Reloading Section: "post-register/DefaultPlugin of DefaultPlugin [roughlyenoughitems]/" done in 14.06 μs
[21:30:21] [main/TRACE] [REI] [REIServerPlugin END] Reloading Section: "post-register/FabricFluidAPISupportPlugin/"
[21:30:21] [main/TRACE] [REI] [REIServerPlugin END] Reloading Section: "post-register/FabricFluidAPISupportPlugin/" done in 9.470 μs
[21:30:21] [main/TRACE] [REI] [REIServerPlugin END] Reloading Section: "post-register/REIServerCompat of REIServerCompat [sophisticatedstorage]/"
[21:30:21] [main/TRACE] [REI] [REIServerPlugin END] Reloading Section: "post-register/REIServerCompat of REIServerCompat [sophisticatedstorage]/" done in 9.410 μs
[21:30:21] [main/TRACE] [REI] [REIServerPlugin END] Reloading Section: "post-register/REIServerCompat of REIServerCompat [sophisticatedcore]/"
[21:30:21] [main/TRACE] [REI] [REIServerPlugin END] Reloading Section: "post-register/REIServerCompat of REIServerCompat [sophisticatedcore]/" done in 9.480 μs
[21:30:21] [main/TRACE] [REI] [REIServerPlugin END] Reloading Section: "post-register/REIServerCompat of REIServerCompat [sophisticatedbackpacks]/"
[21:30:21] [main/TRACE] [REI] [REIServerPlugin END] Reloading Section: "post-register/REIServerCompat of REIServerCompat [sophisticatedbackpacks]/" done in 13.14 μs
[21:30:21] [main/TRACE] [REI] [REIServerPlugin END] Reloading Section: "post-register/DefaultRuntimePlugin of DefaultRuntimePlugin [roughlyenoughitems]/"
[21:30:21] [main/TRACE] [REI] [REIServerPlugin END] Reloading Section: "post-register/DefaultRuntimePlugin of DefaultRuntimePlugin [roughlyenoughitems]/" done in 8.250 μs
[21:30:21] [main/TRACE] [REI] [REIServerPlugin END] Reloading Section: "post-register/" done in 214.8 μs
[21:30:21] [main/TRACE] [REI] [REIServerPlugin END] Reloading Section: "post-stage/"
[21:30:21] [main/TRACE] [REI] [REIServerPlugin END] Reloading Section: "post-stage/MenuInfoRegistryImpl/"
[21:30:21] [main/TRACE] [REI] [REIServerPlugin END] Reloading Section: "post-stage/MenuInfoRegistryImpl/" done in 11.11 μs
[21:30:21] [main/TRACE] [REI] [REIServerPlugin END] Reloading Section: "post-stage/SlotAccessorRegistryImpl/"
[21:30:21] [main/TRACE] [REI] [REIServerPlugin END] Reloading Section: "post-stage/SlotAccessorRegistryImpl/" done in 8.340 μs
[21:30:21] [main/TRACE] [REI] [REIServerPlugin END] Reloading Section: "post-stage/" done in 80.36 μs
[21:30:21] [main/DEBUG] [REI] ========================================
[21:30:21] [main/INFO] [REI] REIServerPlugin finished post-reload for END in 340.5 μs, totaling 4.041 ms.
[21:30:21] [main/DEBUG] [REI] ========================================
